names,x,y,pred,correct_label,batch,manual_label,colors,custom_data,x2,y2,x3,y3,D1,D4,D7,thumbnails
image (3800).JPG,-1.040356514845824,-2.3749740028018773,6,6,batch_0003,6,7,0,0,0,0,0,0,0,0,image (3800).JPG
image (1466).JPG,0.2443675903290541,-1.3206682657287618,6,6,batch_0003,6,7,1,0,0,0,0,0,0,0,image (1466).JPG
image (1466).JPG,0.2443675903290541,-1.3206682657287618,6,6,batch_0003,6,7,2,0,0,0,0,0,0,0,image (1466).JPG
image (1350).JPG,4.603182525411097,-6.8568015675133145,17,17,batch_0003,17,18,3,0,0,0,0,0,0,0,image (1350).JPG
image (1350).JPG,4.603182525411097,-6.8568015675133145,17,17,batch_0003,17,18,4,0,0,0,0,0,0,0,image (1350).JPG
image (1350).JPG,4.603182525411097,-6.8568015675133145,17,17,batch_0003,17,18,5,0,0,0,0,0,0,0,image (1350).JPG
image (1723).JPG,0.7838901864058405,2.089778269180772,6,6,batch_0003,6,7,6,0,0,0,0,0,0,0,image (1723).JPG
image (1723).JPG,0.7838901864058405,2.089778269180772,6,6,batch_0003,6,7,7,0,0,0,0,0,0,0,image (1723).JPG
image (1723).JPG,0.7838901864058405,2.089778269180772,6,6,batch_0003,6,7,8,0,0,0,0,0,0,0,image (1723).JPG
image (125).JPG,-4.219258728784841,-5.922143308949342,36,36,batch_0003,36,37,9,0,0,0,0,0,0,0,image (125).JPG
image (125).JPG,-4.219258728784841,-5.922143308949342,36,36,batch_0003,36,37,10,0,0,0,0,0,0,0,image (125).JPG
image (125).JPG,-4.219258728784841,-5.922143308949342,36,36,batch_0003,36,37,11,0,0,0,0,0,0,0,image (125).JPG
image (125).JPG,-4.219258728784841,-5.922143308949342,36,36,batch_0003,36,37,12,0,0,0,0,0,0,0,image (125).JPG
image (125).JPG,-4.219258728784841,-5.922143308949342,36,36,batch_0003,36,37,13,0,0,0,0,0,0,0,image (125).JPG
image (125).JPG,-4.219258728784841,-5.922143308949342,36,36,batch_0003,36,37,14,0,0,0,0,0,0,0,image (125).JPG
image (125).JPG,-4.219258728784841,-5.922143308949342,36,36,batch_0003,36,37,15,0,0,0,0,0,0,0,image (125).JPG
image (125).JPG,-4.219258728784841,-5.922143308949342,36,36,batch_0003,36,37,16,0,0,0,0,0,0,0,image (125).JPG
image (125).JPG,-4.219258728784841,-5.922143308949342,36,36,batch_0003,36,37,17,0,0,0,0,0,0,0,image (125).JPG
image (289).JPG,-8.318540340556062,-2.435808008744339,16,16,batch_0003,16,17,18,0,0,0,0,0,0,0,image (289).JPG
image (289).JPG,-8.318540340556062,-2.435808008744339,16,16,batch_0003,16,17,19,0,0,0,0,0,0,0,image (289).JPG
image (289).JPG,-8.318540340556062,-2.435808008744339,16,16,batch_0003,16,17,20,0,0,0,0,0,0,0,image (289).JPG
image (335).JPG,-0.8733665014890525,-4.756478266339198,29,29,batch_0003,29,30,21,0,0,0,0,0,0,0,image (335).JPG
image (335).JPG,-0.8733665014890525,-4.756478266339198,29,29,batch_0003,29,30,22,0,0,0,0,0,0,0,image (335).JPG
image (335).JPG,-0.8733665014890525,-4.756478266339198,29,29,batch_0003,29,30,23,0,0,0,0,0,0,0,image (335).JPG
image (1140).JPG,-4.736456718543681,-1.5429743837305756,29,29,batch_0003,29,30,24,0,0,0,0,0,0,0,image (1140).JPG
image (3995).JPG,-1.0098253160921355,-4.523121235608937,29,29,batch_0003,29,30,25,0,0,0,0,0,0,0,image (3995).JPG
image (505).JPG,0.3318719459597943,-1.647280439652712,6,6,batch_0003,6,7,26,0,0,0,0,0,0,0,image (505).JPG
image (505).JPG,0.3318719459597943,-1.647280439652712,6,6,batch_0003,6,7,27,0,0,0,0,0,0,0,image (505).JPG
image (505).JPG,0.3318719459597943,-1.647280439652712,6,6,batch_0003,6,7,28,0,0,0,0,0,0,0,image (505).JPG
image (505).JPG,0.3318719459597943,-1.647280439652712,6,6,batch_0003,6,7,29,0,0,0,0,0,0,0,image (505).JPG
image (505).JPG,0.3318719459597943,-1.647280439652712,6,6,batch_0003,6,7,30,0,0,0,0,0,0,0,image (505).JPG
image (505).JPG,0.3318719459597943,-1.647280439652712,6,6,batch_0003,6,7,31,0,0,0,0,0,0,0,image (505).JPG
image (1046).JPG,4.190700623531355,4.294428154318504,4,4,batch_0003,4,5,32,0,0,0,0,0,0,0,image (1046).JPG
image (1046).JPG,4.190700623531355,4.294428154318504,4,4,batch_0003,4,5,33,0,0,0,0,0,0,0,image (1046).JPG
image (1046).JPG,4.190700623531355,4.294428154318504,4,4,batch_0003,4,5,34,0,0,0,0,0,0,0,image (1046).JPG
image (1046).JPG,4.190700623531355,4.294428154318504,4,4,batch_0003,4,5,35,0,0,0,0,0,0,0,image (1046).JPG
image (3142).JPG,3.5740644769470262,-2.863859316886326,6,6,batch_0003,6,7,36,0,0,0,0,0,0,0,image (3142).JPG
image (867).JPG,5.662643101930315,-6.872386680368342,6,6,batch_0003,6,7,37,0,0,0,0,0,0,0,image (867).JPG
image (867).JPG,5.662643101930315,-6.872386680368342,6,6,batch_0003,6,7,38,0,0,0,0,0,0,0,image (867).JPG
image (867).JPG,5.662643101930315,-6.872386680368342,6,6,batch_0003,6,7,39,0,0,0,0,0,0,0,image (867).JPG
image (407).JPG,0.5413125373377544,-1.3106645617699475,2,2,batch_0003,2,3,40,0,0,0,0,0,0,0,image (407).JPG
image (407).JPG,0.5413125373377544,-1.3106645617699475,2,2,batch_0003,2,3,41,0,0,0,0,0,0,0,image (407).JPG
image (407).JPG,0.5413125373377544,-1.3106645617699475,2,2,batch_0003,2,3,42,0,0,0,0,0,0,0,image (407).JPG
image (3124).JPG,-3.657220722976769,0.699727163444793,6,6,batch_0003,6,7,43,0,0,0,0,0,0,0,image (3124).JPG
image (3124).JPG,-3.657220722976769,0.699727163444793,6,6,batch_0003,6,7,44,0,0,0,0,0,0,0,image (3124).JPG
image (2099).JPG,0.567774756245581,-1.5814794135066932,2,2,batch_0003,2,3,45,0,0,0,0,0,0,0,image (2099).JPG
image (773).JPG,0.2474540156376263,4.824333005246617,29,29,batch_0003,29,30,46,0,0,0,0,0,0,0,image (773).JPG
image (773).JPG,0.2474540156376263,4.824333005246617,29,29,batch_0003,29,30,47,0,0,0,0,0,0,0,image (773).JPG
image (773).JPG,0.2474540156376263,4.824333005246617,29,29,batch_0003,29,30,48,0,0,0,0,0,0,0,image (773).JPG
image (773).JPG,0.2474540156376263,4.824333005246617,29,29,batch_0003,29,30,49,0,0,0,0,0,0,0,image (773).JPG
image (773).JPG,0.2474540156376263,4.824333005246617,29,29,batch_0003,29,30,50,0,0,0,0,0,0,0,image (773).JPG
image (773).JPG,0.2474540156376263,4.824333005246617,29,29,batch_0003,29,30,51,0,0,0,0,0,0,0,image (773).JPG
image (436).JPG,-0.2263179520627654,-4.53009675192558,29,29,batch_0003,29,30,52,0,0,0,0,0,0,0,image (436).JPG
image (436).JPG,-0.2263179520627654,-4.53009675192558,29,29,batch_0003,29,30,53,0,0,0,0,0,0,0,image (436).JPG
image (436).JPG,-0.2263179520627654,-4.53009675192558,29,29,batch_0003,29,30,54,0,0,0,0,0,0,0,image (436).JPG
image (436).JPG,-0.2263179520627654,-4.53009675192558,29,29,batch_0003,29,30,55,0,0,0,0,0,0,0,image (436).JPG
image (436).JPG,-0.2263179520627654,-4.53009675192558,29,29,batch_0003,29,30,56,0,0,0,0,0,0,0,image (436).JPG
image (436).JPG,-0.2263179520627654,-4.53009675192558,29,29,batch_0003,29,30,57,0,0,0,0,0,0,0,image (436).JPG
image (519).JPG,-4.396306123989402,-1.5652983115254038,6,6,batch_0003,6,7,58,0,0,0,0,0,0,0,image (519).JPG
image (519).JPG,-4.396306123989402,-1.5652983115254038,6,6,batch_0003,6,7,59,0,0,0,0,0,0,0,image (519).JPG
image (519).JPG,-4.396306123989402,-1.5652983115254038,6,6,batch_0003,6,7,60,0,0,0,0,0,0,0,image (519).JPG
image (519).JPG,-4.396306123989402,-1.5652983115254038,6,6,batch_0003,6,7,61,0,0,0,0,0,0,0,image (519).JPG
image (519).JPG,-4.396306123989402,-1.5652983115254038,6,6,batch_0003,6,7,62,0,0,0,0,0,0,0,image (519).JPG
image (519).JPG,-4.396306123989402,-1.5652983115254038,6,6,batch_0003,6,7,63,0,0,0,0,0,0,0,image (519).JPG
image (1400).JPG,-0.8189701039901452,-0.7288041558375974,29,29,batch_0003,29,30,64,0,0,0,0,0,0,0,image (1400).JPG
image (1400).JPG,-0.8189701039901452,-0.7288041558375974,29,29,batch_0003,29,30,65,0,0,0,0,0,0,0,image (1400).JPG
image (1400).JPG,-0.8189701039901452,-0.7288041558375974,29,29,batch_0003,29,30,66,0,0,0,0,0,0,0,image (1400).JPG
image (1400).JPG,-0.8189701039901452,-0.7288041558375974,29,29,batch_0003,29,30,67,0,0,0,0,0,0,0,image (1400).JPG
image (329).JPG,-2.3776804490475625,-4.020515572229745,36,36,batch_0003,36,37,68,0,0,0,0,0,0,0,image (329).JPG
image (329).JPG,-2.3776804490475625,-4.020515572229745,36,36,batch_0003,36,37,69,0,0,0,0,0,0,0,image (329).JPG
image (329).JPG,-2.3776804490475625,-4.020515572229745,36,36,batch_0003,36,37,70,0,0,0,0,0,0,0,image (329).JPG
image (329).JPG,-2.3776804490475625,-4.020515572229745,36,36,batch_0003,36,37,71,0,0,0,0,0,0,0,image (329).JPG
image (329).JPG,-2.3776804490475625,-4.020515572229745,36,36,batch_0003,36,37,72,0,0,0,0,0,0,0,image (329).JPG
image (329).JPG,-2.3776804490475625,-4.020515572229745,36,36,batch_0003,36,37,73,0,0,0,0,0,0,0,image (329).JPG
image (329).JPG,-2.3776804490475625,-4.020515572229745,36,36,batch_0003,36,37,74,0,0,0,0,0,0,0,image (329).JPG
image (206).JPG,3.6534758007360337,-5.156046120935703,17,17,batch_0003,17,18,75,0,0,0,0,0,0,0,image (206).JPG
image (206).JPG,3.6534758007360337,-5.156046120935703,17,17,batch_0003,17,18,76,0,0,0,0,0,0,0,image (206).JPG
image (206).JPG,3.6534758007360337,-5.156046120935703,17,17,batch_0003,17,18,77,0,0,0,0,0,0,0,image (206).JPG
image (206).JPG,3.6534758007360337,-5.156046120935703,17,17,batch_0003,17,18,78,0,0,0,0,0,0,0,image (206).JPG
image (206).JPG,3.6534758007360337,-5.156046120935703,17,17,batch_0003,17,18,79,0,0,0,0,0,0,0,image (206).JPG
image (206).JPG,3.6534758007360337,-5.156046120935703,17,17,batch_0003,17,18,80,0,0,0,0,0,0,0,image (206).JPG
image (362).JPG,5.526095126990295,2.8458424055925566,29,29,batch_0003,29,30,81,0,0,0,0,0,0,0,image (362).JPG
image (362).JPG,5.526095126990295,2.8458424055925566,29,29,batch_0003,29,30,82,0,0,0,0,0,0,0,image (362).JPG
image (362).JPG,5.526095126990295,2.8458424055925566,29,29,batch_0003,29,30,83,0,0,0,0,0,0,0,image (362).JPG
image (362).JPG,5.526095126990295,2.8458424055925566,29,29,batch_0003,29,30,84,0,0,0,0,0,0,0,image (362).JPG
image (362).JPG,5.526095126990295,2.8458424055925566,29,29,batch_0003,29,30,85,0,0,0,0,0,0,0,image (362).JPG
image (362).JPG,5.526095126990295,2.8458424055925566,29,29,batch_0003,29,30,86,0,0,0,0,0,0,0,image (362).JPG
image (362).JPG,5.526095126990295,2.8458424055925566,29,29,batch_0003,29,30,87,0,0,0,0,0,0,0,image (362).JPG
image (362).JPG,5.526095126990295,2.8458424055925566,29,29,batch_0003,29,30,88,0,0,0,0,0,0,0,image (362).JPG
image (143).JPG,-3.035195245085186,3.421436428116509,17,17,batch_0003,17,18,89,0,0,0,0,0,0,0,image (143).JPG
image (143).JPG,-3.035195245085186,3.421436428116509,17,17,batch_0003,17,18,90,0,0,0,0,0,0,0,image (143).JPG
image (143).JPG,-3.035195245085186,3.421436428116509,17,17,batch_0003,17,18,91,0,0,0,0,0,0,0,image (143).JPG
image (143).JPG,-3.035195245085186,3.421436428116509,17,17,batch_0003,17,18,92,0,0,0,0,0,0,0,image (143).JPG
image (143).JPG,-3.035195245085186,3.421436428116509,17,17,batch_0003,17,18,93,0,0,0,0,0,0,0,image (143).JPG
image (143).JPG,-3.035195245085186,3.421436428116509,17,17,batch_0003,17,18,94,0,0,0,0,0,0,0,image (143).JPG
image (143).JPG,-3.035195245085186,3.421436428116509,17,17,batch_0003,17,18,95,0,0,0,0,0,0,0,image (143).JPG
image (143).JPG,-3.035195245085186,3.421436428116509,17,17,batch_0003,17,18,96,0,0,0,0,0,0,0,image (143).JPG
image (143).JPG,-3.035195245085186,3.421436428116509,17,17,batch_0003,17,18,97,0,0,0,0,0,0,0,image (143).JPG
image (143).JPG,-3.035195245085186,3.421436428116509,17,17,batch_0003,17,18,98,0,0,0,0,0,0,0,image (143).JPG
image (143).JPG,-3.035195245085186,3.421436428116509,17,17,batch_0003,17,18,99,0,0,0,0,0,0,0,image (143).JPG
image (530).JPG,5.6662086357703565,0.9257828652413124,2,2,batch_0003,2,3,100,0,0,0,0,0,0,0,image (530).JPG
image (530).JPG,5.6662086357703565,0.9257828652413124,2,2,batch_0003,2,3,101,0,0,0,0,0,0,0,image (530).JPG
image (295).JPG,-2.550242188787754,-0.7345840397680365,6,6,batch_0003,6,7,102,0,0,0,0,0,0,0,image (295).JPG
image (295).JPG,-2.550242188787754,-0.7345840397680365,6,6,batch_0003,6,7,103,0,0,0,0,0,0,0,image (295).JPG
image (295).JPG,-2.550242188787754,-0.7345840397680365,6,6,batch_0003,6,7,104,0,0,0,0,0,0,0,image (295).JPG
image (295).JPG,-2.550242188787754,-0.7345840397680365,6,6,batch_0003,6,7,105,0,0,0,0,0,0,0,image (295).JPG
image (295).JPG,-2.550242188787754,-0.7345840397680365,6,6,batch_0003,6,7,106,0,0,0,0,0,0,0,image (295).JPG
image (3232).JPG,6.464406626265302,4.125714996403206,26,26,batch_0003,26,27,107,0,0,0,0,0,0,0,image (3232).JPG
image (1184).JPG,1.009769997720733,-3.0950004391552204,36,36,batch_0003,36,37,108,0,0,0,0,0,0,0,image (1184).JPG
image (1184).JPG,1.009769997720733,-3.0950004391552204,36,36,batch_0003,36,37,109,0,0,0,0,0,0,0,image (1184).JPG
image (465).JPG,-3.118780191528419,-3.741927607899702,17,17,batch_0003,17,18,110,0,0,0,0,0,0,0,image (465).JPG
image (465).JPG,-3.118780191528419,-3.741927607899702,17,17,batch_0003,17,18,111,0,0,0,0,0,0,0,image (465).JPG
image (465).JPG,-3.118780191528419,-3.741927607899702,17,17,batch_0003,17,18,112,0,0,0,0,0,0,0,image (465).JPG
image (465).JPG,-3.118780191528419,-3.741927607899702,17,17,batch_0003,17,18,113,0,0,0,0,0,0,0,image (465).JPG
image (465).JPG,-3.118780191528419,-3.741927607899702,17,17,batch_0003,17,18,114,0,0,0,0,0,0,0,image (465).JPG
image (465).JPG,-3.118780191528419,-3.741927607899702,17,17,batch_0003,17,18,115,0,0,0,0,0,0,0,image (465).JPG
image (465).JPG,-3.118780191528419,-3.741927607899702,17,17,batch_0003,17,18,116,0,0,0,0,0,0,0,image (465).JPG
image (465).JPG,-3.118780191528419,-3.741927607899702,17,17,batch_0003,17,18,117,0,0,0,0,0,0,0,image (465).JPG
image (465).JPG,-3.118780191528419,-3.741927607899702,17,17,batch_0003,17,18,118,0,0,0,0,0,0,0,image (465).JPG
image (465).JPG,-3.118780191528419,-3.741927607899702,17,17,batch_0003,17,18,119,0,0,0,0,0,0,0,image (465).JPG
image (720).JPG,-8.408597190750195,-5.175116637630455,29,29,batch_0003,29,30,120,0,0,0,0,0,0,0,image (720).JPG
image (720).JPG,-8.408597190750195,-5.175116637630455,29,29,batch_0003,29,30,121,0,0,0,0,0,0,0,image (720).JPG
image (318).JPG,3.0796526918024045,-1.870124278255043,4,4,batch_0003,4,5,122,0,0,0,0,0,0,0,image (318).JPG
image (318).JPG,3.0796526918024045,-1.870124278255043,4,4,batch_0003,4,5,123,0,0,0,0,0,0,0,image (318).JPG
image (318).JPG,3.0796526918024045,-1.870124278255043,4,4,batch_0003,4,5,124,0,0,0,0,0,0,0,image (318).JPG
image (318).JPG,3.0796526918024045,-1.870124278255043,4,4,batch_0003,4,5,125,0,0,0,0,0,0,0,image (318).JPG
image (318).JPG,3.0796526918024045,-1.870124278255043,4,4,batch_0003,4,5,126,0,0,0,0,0,0,0,image (318).JPG
image (318).JPG,3.0796526918024045,-1.870124278255043,4,4,batch_0003,4,5,127,0,0,0,0,0,0,0,image (318).JPG
image (1286).JPG,0.6840517252826888,-1.500288665758868,6,6,batch_0003,6,7,128,0,0,0,0,0,0,0,image (1286).JPG
image (1286).JPG,0.6840517252826888,-1.500288665758868,6,6,batch_0003,6,7,129,0,0,0,0,0,0,0,image (1286).JPG
image (603).JPG,-8.459534234225654,-2.4746572325608875,2,2,batch_0003,2,3,130,0,0,0,0,0,0,0,image (603).JPG
image (603).JPG,-8.459534234225654,-2.4746572325608875,2,2,batch_0003,2,3,131,0,0,0,0,0,0,0,image (603).JPG
image (603).JPG,-8.459534234225654,-2.4746572325608875,2,2,batch_0003,2,3,132,0,0,0,0,0,0,0,image (603).JPG
image (767).JPG,4.1377534762915,-4.035944183898024,2,2,batch_0003,2,3,133,0,0,0,0,0,0,0,image (767).JPG
image (767).JPG,4.1377534762915,-4.035944183898024,2,2,batch_0003,2,3,134,0,0,0,0,0,0,0,image (767).JPG
image (325).JPG,-5.594661871580555,-1.9145586709686129,29,29,batch_0003,29,30,135,0,0,0,0,0,0,0,image (325).JPG
image (325).JPG,-5.594661871580555,-1.9145586709686129,29,29,batch_0003,29,30,136,0,0,0,0,0,0,0,image (325).JPG
image (325).JPG,-5.594661871580555,-1.9145586709686129,29,29,batch_0003,29,30,137,0,0,0,0,0,0,0,image (325).JPG
image (325).JPG,-5.594661871580555,-1.9145586709686129,29,29,batch_0003,29,30,138,0,0,0,0,0,0,0,image (325).JPG
image (325).JPG,-5.594661871580555,-1.9145586709686129,29,29,batch_0003,29,30,139,0,0,0,0,0,0,0,image (325).JPG
image (325).JPG,-5.594661871580555,-1.9145586709686129,29,29,batch_0003,29,30,140,0,0,0,0,0,0,0,image (325).JPG
image (325).JPG,-5.594661871580555,-1.9145586709686129,29,29,batch_0003,29,30,141,0,0,0,0,0,0,0,image (325).JPG
image (1568).JPG,0.8512954373750901,-1.7632785709283776,6,6,batch_0003,6,7,142,0,0,0,0,0,0,0,image (1568).JPG
image (1568).JPG,0.8512954373750901,-1.7632785709283776,6,6,batch_0003,6,7,143,0,0,0,0,0,0,0,image (1568).JPG
image (1523).JPG,-1.1475586186601836,-7.690493049910259,6,6,batch_0003,6,7,144,0,0,0,0,0,0,0,image (1523).JPG
image (1523).JPG,-1.1475586186601836,-7.690493049910259,6,6,batch_0003,6,7,145,0,0,0,0,0,0,0,image (1523).JPG
image (1523).JPG,-1.1475586186601836,-7.690493049910259,6,6,batch_0003,6,7,146,0,0,0,0,0,0,0,image (1523).JPG
image (756).JPG,-1.0412875650257043,-0.7994325314228143,29,29,batch_0003,29,30,147,0,0,0,0,0,0,0,image (756).JPG
image (756).JPG,-1.0412875650257043,-0.7994325314228143,29,29,batch_0003,29,30,148,0,0,0,0,0,0,0,image (756).JPG
image (756).JPG,-1.0412875650257043,-0.7994325314228143,29,29,batch_0003,29,30,149,0,0,0,0,0,0,0,image (756).JPG
image (3065).JPG,-0.6308048536449844,-2.4392615886610445,6,6,batch_0003,6,7,150,0,0,0,0,0,0,0,image (3065).JPG
image (679).JPG,-7.955385435602055,-5.372138089133362,6,6,batch_0003,6,7,151,0,0,0,0,0,0,0,image (679).JPG
image (679).JPG,-7.955385435602055,-5.372138089133362,6,6,batch_0003,6,7,152,0,0,0,0,0,0,0,image (679).JPG
image (679).JPG,-7.955385435602055,-5.372138089133362,6,6,batch_0003,6,7,153,0,0,0,0,0,0,0,image (679).JPG
image (679).JPG,-7.955385435602055,-5.372138089133362,6,6,batch_0003,6,7,154,0,0,0,0,0,0,0,image (679).JPG
image (679).JPG,-7.955385435602055,-5.372138089133362,6,6,batch_0003,6,7,155,0,0,0,0,0,0,0,image (679).JPG
image (429).jpg,4.721418730007413,-1.5846638772290684,6,6,batch_0003,6,7,156,0,0,0,0,0,0,0,image (429).jpg
image (429).jpg,4.721418730007413,-1.5846638772290684,6,6,batch_0003,6,7,157,0,0,0,0,0,0,0,image (429).jpg
image (1132).JPG,2.781144240894576,-5.054072423696555,26,26,batch_0003,26,27,158,0,0,0,0,0,0,0,image (1132).JPG
image (1132).JPG,2.781144240894576,-5.054072423696555,26,26,batch_0003,26,27,159,0,0,0,0,0,0,0,image (1132).JPG
image (1056).JPG,7.079095358168577,5.582691506591028,17,17,batch_0003,17,18,160,0,0,0,0,0,0,0,image (1056).JPG
image (1056).JPG,7.079095358168577,5.582691506591028,17,17,batch_0003,17,18,161,0,0,0,0,0,0,0,image (1056).JPG
image (3843).JPG,-5.893858747131307,1.4332237131865082,6,6,batch_0003,6,7,162,0,0,0,0,0,0,0,image (3843).JPG
image (42).JPG,-0.9888606198036493,-0.3136558049856289,2,2,batch_0003,2,3,163,0,0,0,0,0,0,0,image (42).JPG
image (42).JPG,-0.9888606198036493,-0.3136558049856289,2,2,batch_0003,2,3,164,0,0,0,0,0,0,0,image (42).JPG
image (42).JPG,-0.9888606198036493,-0.3136558049856289,2,2,batch_0003,2,3,165,0,0,0,0,0,0,0,image (42).JPG
image (42).JPG,-0.9888606198036493,-0.3136558049856289,2,2,batch_0003,2,3,166,0,0,0,0,0,0,0,image (42).JPG
image (42).JPG,-0.9888606198036493,-0.3136558049856289,2,2,batch_0003,2,3,167,0,0,0,0,0,0,0,image (42).JPG
image (42).JPG,-0.9888606198036493,-0.3136558049856289,2,2,batch_0003,2,3,168,0,0,0,0,0,0,0,image (42).JPG
image (1190).JPG,4.2507278505215,-4.167210573035439,2,2,batch_0003,2,3,169,0,0,0,0,0,0,0,image (1190).JPG
image (1190).JPG,4.2507278505215,-4.167210573035439,2,2,batch_0003,2,3,170,0,0,0,0,0,0,0,image (1190).JPG
image (1190).JPG,4.2507278505215,-4.167210573035439,2,2,batch_0003,2,3,171,0,0,0,0,0,0,0,image (1190).JPG
image (1190).JPG,4.2507278505215,-4.167210573035439,2,2,batch_0003,2,3,172,0,0,0,0,0,0,0,image (1190).JPG
image (969).JPG,6.400800693334952,4.045148893994917,2,2,batch_0003,2,3,173,0,0,0,0,0,0,0,image (969).JPG
image (969).JPG,6.400800693334952,4.045148893994917,2,2,batch_0003,2,3,174,0,0,0,0,0,0,0,image (969).JPG
image (877).JPG,0.0694139185789583,-2.3060210765002203,2,2,batch_0003,2,3,175,0,0,0,0,0,0,0,image (877).JPG
image (877).JPG,0.0694139185789583,-2.3060210765002203,2,2,batch_0003,2,3,176,0,0,0,0,0,0,0,image (877).JPG
image (538).JPG,-3.840193958379691,3.296447955487656,4,4,batch_0003,4,5,177,0,0,0,0,0,0,0,image (538).JPG
image (538).JPG,-3.840193958379691,3.296447955487656,4,4,batch_0003,4,5,178,0,0,0,0,0,0,0,image (538).JPG
image (538).JPG,-3.840193958379691,3.296447955487656,4,4,batch_0003,4,5,179,0,0,0,0,0,0,0,image (538).JPG
image (538).JPG,-3.840193958379691,3.296447955487656,4,4,batch_0003,4,5,180,0,0,0,0,0,0,0,image (538).JPG
image (538).JPG,-3.840193958379691,3.296447955487656,4,4,batch_0003,4,5,181,0,0,0,0,0,0,0,image (538).JPG
image (538).JPG,-3.840193958379691,3.296447955487656,4,4,batch_0003,4,5,182,0,0,0,0,0,0,0,image (538).JPG
image (1220).JPG,-1.198195219639979,-0.7968885295854948,6,6,batch_0003,6,7,183,0,0,0,0,0,0,0,image (1220).JPG
image (2089).JPG,-7.517182170711272,2.9592580676667555,6,6,batch_0003,6,7,184,0,0,0,0,0,0,0,image (2089).JPG
image (484).JPG,9.70926038465756,3.5101916772967976,17,17,batch_0003,17,18,185,0,0,0,0,0,0,0,image (484).JPG
image (484).JPG,9.70926038465756,3.5101916772967976,17,17,batch_0003,17,18,186,0,0,0,0,0,0,0,image (484).JPG
image (484).JPG,9.70926038465756,3.5101916772967976,17,17,batch_0003,17,18,187,0,0,0,0,0,0,0,image (484).JPG
image (484).JPG,9.70926038465756,3.5101916772967976,17,17,batch_0003,17,18,188,0,0,0,0,0,0,0,image (484).JPG
image (484).JPG,9.70926038465756,3.5101916772967976,17,17,batch_0003,17,18,189,0,0,0,0,0,0,0,image (484).JPG
image (484).JPG,9.70926038465756,3.5101916772967976,17,17,batch_0003,17,18,190,0,0,0,0,0,0,0,image (484).JPG
image (1209).JPG,-4.595931570728886,-1.532977078235999,6,6,batch_0003,6,7,191,0,0,0,0,0,0,0,image (1209).JPG
image (1209).JPG,-4.595931570728886,-1.532977078235999,6,6,batch_0003,6,7,192,0,0,0,0,0,0,0,image (1209).JPG
image (1209).JPG,-4.595931570728886,-1.532977078235999,6,6,batch_0003,6,7,193,0,0,0,0,0,0,0,image (1209).JPG
image (1209).JPG,-4.595931570728886,-1.532977078235999,6,6,batch_0003,6,7,194,0,0,0,0,0,0,0,image (1209).JPG
image (665).JPG,-8.306231121555317,-2.5787052349981545,6,6,batch_0003,6,7,195,0,0,0,0,0,0,0,image (665).JPG
image (665).JPG,-8.306231121555317,-2.5787052349981545,6,6,batch_0003,6,7,196,0,0,0,0,0,0,0,image (665).JPG
image (665).JPG,-8.306231121555317,-2.5787052349981545,6,6,batch_0003,6,7,197,0,0,0,0,0,0,0,image (665).JPG
image (216).JPG,-5.217077538825046,-1.6853255953339417,36,36,batch_0003,36,37,198,0,0,0,0,0,0,0,image (216).JPG
image (216).JPG,-5.217077538825046,-1.6853255953339417,36,36,batch_0003,36,37,199,0,0,0,0,0,0,0,image (216).JPG
image (216).JPG,-5.217077538825046,-1.6853255953339417,36,36,batch_0003,36,37,200,0,0,0,0,0,0,0,image (216).JPG
image (216).JPG,-5.217077538825046,-1.6853255953339417,36,36,batch_0003,36,37,201,0,0,0,0,0,0,0,image (216).JPG
image (216).JPG,-5.217077538825046,-1.6853255953339417,36,36,batch_0003,36,37,202,0,0,0,0,0,0,0,image (216).JPG
image (216).JPG,-5.217077538825046,-1.6853255953339417,36,36,batch_0003,36,37,203,0,0,0,0,0,0,0,image (216).JPG
image (216).JPG,-5.217077538825046,-1.6853255953339417,36,36,batch_0003,36,37,204,0,0,0,0,0,0,0,image (216).JPG
image (308).JPG,5.301875992293041,-6.834953138691122,17,17,batch_0003,17,18,205,0,0,0,0,0,0,0,image (308).JPG
image (308).JPG,5.301875992293041,-6.834953138691122,17,17,batch_0003,17,18,206,0,0,0,0,0,0,0,image (308).JPG
image (511).JPG,8.65449726646308,0.9667271823597756,2,2,batch_0003,2,3,207,0,0,0,0,0,0,0,image (511).JPG
image (511).JPG,8.65449726646308,0.9667271823597756,2,2,batch_0003,2,3,208,0,0,0,0,0,0,0,image (511).JPG
image (511).JPG,8.65449726646308,0.9667271823597756,2,2,batch_0003,2,3,209,0,0,0,0,0,0,0,image (511).JPG
image (511).JPG,8.65449726646308,0.9667271823597756,2,2,batch_0003,2,3,210,0,0,0,0,0,0,0,image (511).JPG
image (511).JPG,8.65449726646308,0.9667271823597756,2,2,batch_0003,2,3,211,0,0,0,0,0,0,0,image (511).JPG
image (511).JPG,8.65449726646308,0.9667271823597756,2,2,batch_0003,2,3,212,0,0,0,0,0,0,0,image (511).JPG
image (768).jpg,9.797914014130196,3.480424327180656,4,4,batch_0003,4,5,213,0,0,0,0,0,0,0,image (768).jpg
image (842).JPG,-10.909721243780368,-0.7798836119112462,16,16,batch_0003,16,17,214,0,0,0,0,0,0,0,image (842).JPG
image (842).JPG,-10.909721243780368,-0.7798836119112462,16,16,batch_0003,16,17,215,0,0,0,0,0,0,0,image (842).JPG
image (1189).JPG,-0.8611376963066997,-2.3897388107362336,36,36,batch_0003,36,37,216,0,0,0,0,0,0,0,image (1189).JPG
image (1189).JPG,-0.8611376963066997,-2.3897388107362336,36,36,batch_0003,36,37,217,0,0,0,0,0,0,0,image (1189).JPG
image (481).JPG,-5.321837337819857,-2.981650706201257,2,2,batch_0003,2,3,218,0,0,0,0,0,0,0,image (481).JPG
image (481).JPG,-5.321837337819857,-2.981650706201257,2,2,batch_0003,2,3,219,0,0,0,0,0,0,0,image (481).JPG
image (481).JPG,-5.321837337819857,-2.981650706201257,2,2,batch_0003,2,3,220,0,0,0,0,0,0,0,image (481).JPG
image (481).JPG,-5.321837337819857,-2.981650706201257,2,2,batch_0003,2,3,221,0,0,0,0,0,0,0,image (481).JPG
image (481).JPG,-5.321837337819857,-2.981650706201257,2,2,batch_0003,2,3,222,0,0,0,0,0,0,0,image (481).JPG
image (105).JPG,1.233847655545498,-3.442157583175125,36,36,batch_0003,36,37,223,0,0,0,0,0,0,0,image (105).JPG
image (105).JPG,1.233847655545498,-3.442157583175125,36,36,batch_0003,36,37,224,0,0,0,0,0,0,0,image (105).JPG
image (105).JPG,1.233847655545498,-3.442157583175125,36,36,batch_0003,36,37,225,0,0,0,0,0,0,0,image (105).JPG
image (105).JPG,1.233847655545498,-3.442157583175125,36,36,batch_0003,36,37,226,0,0,0,0,0,0,0,image (105).JPG
image (105).JPG,1.233847655545498,-3.442157583175125,36,36,batch_0003,36,37,227,0,0,0,0,0,0,0,image (105).JPG
image (105).JPG,1.233847655545498,-3.442157583175125,36,36,batch_0003,36,37,228,0,0,0,0,0,0,0,image (105).JPG
image (105).JPG,1.233847655545498,-3.442157583175125,36,36,batch_0003,36,37,229,0,0,0,0,0,0,0,image (105).JPG
image (105).JPG,1.233847655545498,-3.442157583175125,36,36,batch_0003,36,37,230,0,0,0,0,0,0,0,image (105).JPG
image (105).JPG,1.233847655545498,-3.442157583175125,36,36,batch_0003,36,37,231,0,0,0,0,0,0,0,image (105).JPG
image (105).JPG,1.233847655545498,-3.442157583175125,36,36,batch_0003,36,37,232,0,0,0,0,0,0,0,image (105).JPG
image (105).JPG,1.233847655545498,-3.442157583175125,36,36,batch_0003,36,37,233,0,0,0,0,0,0,0,image (105).JPG
image (43).JPG,-4.109855083694074,3.219178112501852,26,26,batch_0003,26,27,234,0,0,0,0,0,0,0,image (43).JPG
image (43).JPG,-4.109855083694074,3.219178112501852,26,26,batch_0003,26,27,235,0,0,0,0,0,0,0,image (43).JPG
image (167).JPG,0.1562925096443407,4.993128140495058,26,26,batch_0003,26,27,236,0,0,0,0,0,0,0,image (167).JPG
image (167).JPG,0.1562925096443407,4.993128140495058,26,26,batch_0003,26,27,237,0,0,0,0,0,0,0,image (167).JPG
image (167).JPG,0.1562925096443407,4.993128140495058,26,26,batch_0003,26,27,238,0,0,0,0,0,0,0,image (167).JPG
image (167).JPG,0.1562925096443407,4.993128140495058,26,26,batch_0003,26,27,239,0,0,0,0,0,0,0,image (167).JPG
image (167).JPG,0.1562925096443407,4.993128140495058,26,26,batch_0003,26,27,240,0,0,0,0,0,0,0,image (167).JPG
image (167).JPG,0.1562925096443407,4.993128140495058,26,26,batch_0003,26,27,241,0,0,0,0,0,0,0,image (167).JPG
image (167).JPG,0.1562925096443407,4.993128140495058,26,26,batch_0003,26,27,242,0,0,0,0,0,0,0,image (167).JPG
image (1605).JPG,0.9460292668425356,2.3103751588750074,4,4,batch_0003,4,5,243,0,0,0,0,0,0,0,image (1605).JPG
image (1605).JPG,0.9460292668425356,2.3103751588750074,4,4,batch_0003,4,5,244,0,0,0,0,0,0,0,image (1605).JPG
image (1605).JPG,0.9460292668425356,2.3103751588750074,4,4,batch_0003,4,5,245,0,0,0,0,0,0,0,image (1605).JPG
image (1605).JPG,0.9460292668425356,2.3103751588750074,4,4,batch_0003,4,5,246,0,0,0,0,0,0,0,image (1605).JPG
image (587).JPG,-2.273539673097131,0.4320521532934417,4,4,batch_0003,4,5,247,0,0,0,0,0,0,0,image (587).JPG
image (587).JPG,-2.273539673097131,0.4320521532934417,4,4,batch_0003,4,5,248,0,0,0,0,0,0,0,image (587).JPG
image (587).JPG,-2.273539673097131,0.4320521532934417,4,4,batch_0003,4,5,249,0,0,0,0,0,0,0,image (587).JPG
image (587).JPG,-2.273539673097131,0.4320521532934417,4,4,batch_0003,4,5,250,0,0,0,0,0,0,0,image (587).JPG
image (587).JPG,-2.273539673097131,0.4320521532934417,4,4,batch_0003,4,5,251,0,0,0,0,0,0,0,image (587).JPG
image (587).JPG,-2.273539673097131,0.4320521532934417,4,4,batch_0003,4,5,252,0,0,0,0,0,0,0,image (587).JPG
image (587).JPG,-2.273539673097131,0.4320521532934417,4,4,batch_0003,4,5,253,0,0,0,0,0,0,0,image (587).JPG
image (1155).JPG,-5.473328319860132,1.3344823102738688,6,6,batch_0003,6,7,254,0,0,0,0,0,0,0,image (1155).JPG
image (1155).JPG,-5.473328319860132,1.3344823102738688,6,6,batch_0003,6,7,255,0,0,0,0,0,0,0,image (1155).JPG
image (2134).JPG,0.3614893286985458,4.487395348616007,2,2,batch_0003,2,3,256,0,0,0,0,0,0,0,image (2134).JPG
image (2134).JPG,0.3614893286985458,4.487395348616007,2,2,batch_0003,2,3,257,0,0,0,0,0,0,0,image (2134).JPG
image (2134).JPG,0.3614893286985458,4.487395348616007,2,2,batch_0003,2,3,258,0,0,0,0,0,0,0,image (2134).JPG
image (130).JPG,4.64627814913331,-4.623066292394636,17,17,batch_0003,17,18,259,0,0,0,0,0,0,0,image (130).JPG
image (130).JPG,4.64627814913331,-4.623066292394636,17,17,batch_0003,17,18,260,0,0,0,0,0,0,0,image (130).JPG
image (130).JPG,4.64627814913331,-4.623066292394636,17,17,batch_0003,17,18,261,0,0,0,0,0,0,0,image (130).JPG
image (130).JPG,4.64627814913331,-4.623066292394636,17,17,batch_0003,17,18,262,0,0,0,0,0,0,0,image (130).JPG
image (130).JPG,4.64627814913331,-4.623066292394636,17,17,batch_0003,17,18,263,0,0,0,0,0,0,0,image (130).JPG
image (4629).JPG,6.627780359456915,5.375125960737998,36,36,batch_0003,36,37,264,0,0,0,0,0,0,0,image (4629).JPG
image (4629).JPG,6.627780359456915,5.375125960737998,36,36,batch_0003,36,37,265,0,0,0,0,0,0,0,image (4629).JPG
image (1652).JPG,-5.119355758607737,-1.2215692609726512,6,6,batch_0003,6,7,266,0,0,0,0,0,0,0,image (1652).JPG
image (1652).JPG,-5.119355758607737,-1.2215692609726512,6,6,batch_0003,6,7,267,0,0,0,0,0,0,0,image (1652).JPG
image (1652).JPG,-5.119355758607737,-1.2215692609726512,6,6,batch_0003,6,7,268,0,0,0,0,0,0,0,image (1652).JPG
image (5000).JPG,-7.941385280192187,3.4809480819839576,17,17,batch_0003,17,18,269,0,0,0,0,0,0,0,image (5000).JPG
image (543).JPG,-5.210208086719197,-0.9785813634204664,2,2,batch_0003,2,3,270,0,0,0,0,0,0,0,image (543).JPG
image (543).JPG,-5.210208086719197,-0.9785813634204664,2,2,batch_0003,2,3,271,0,0,0,0,0,0,0,image (543).JPG
image (543).JPG,-5.210208086719197,-0.9785813634204664,2,2,batch_0003,2,3,272,0,0,0,0,0,0,0,image (543).JPG
image (543).JPG,-5.210208086719197,-0.9785813634204664,2,2,batch_0003,2,3,273,0,0,0,0,0,0,0,image (543).JPG
image (427).JPG,-1.3552444535664596,-5.2305544411368325,6,6,batch_0003,6,7,274,0,0,0,0,0,0,0,image (427).JPG
image (427).JPG,-1.3552444535664596,-5.2305544411368325,6,6,batch_0003,6,7,275,0,0,0,0,0,0,0,image (427).JPG
image (427).JPG,-1.3552444535664596,-5.2305544411368325,6,6,batch_0003,6,7,276,0,0,0,0,0,0,0,image (427).JPG
image (427).JPG,-1.3552444535664596,-5.2305544411368325,6,6,batch_0003,6,7,277,0,0,0,0,0,0,0,image (427).JPG
image (427).JPG,-1.3552444535664596,-5.2305544411368325,6,6,batch_0003,6,7,278,0,0,0,0,0,0,0,image (427).JPG
image (427).JPG,-1.3552444535664596,-5.2305544411368325,6,6,batch_0003,6,7,279,0,0,0,0,0,0,0,image (427).JPG
image (427).JPG,-1.3552444535664596,-5.2305544411368325,6,6,batch_0003,6,7,280,0,0,0,0,0,0,0,image (427).JPG
image (427).JPG,-1.3552444535664596,-5.2305544411368325,6,6,batch_0003,6,7,281,0,0,0,0,0,0,0,image (427).JPG
image (427).JPG,-1.3552444535664596,-5.2305544411368325,6,6,batch_0003,6,7,282,0,0,0,0,0,0,0,image (427).JPG
image (762).JPG,-4.432517742829279,-3.4935415795489573,36,36,batch_0003,36,37,283,0,0,0,0,0,0,0,image (762).JPG
image (762).JPG,-4.432517742829279,-3.4935415795489573,36,36,batch_0003,36,37,284,0,0,0,0,0,0,0,image (762).JPG
image (762).JPG,-4.432517742829279,-3.4935415795489573,36,36,batch_0003,36,37,285,0,0,0,0,0,0,0,image (762).JPG
image (762).JPG,-4.432517742829279,-3.4935415795489573,36,36,batch_0003,36,37,286,0,0,0,0,0,0,0,image (762).JPG
image (762).JPG,-4.432517742829279,-3.4935415795489573,36,36,batch_0003,36,37,287,0,0,0,0,0,0,0,image (762).JPG
image (1473).JPG,-3.876366099939844,-2.530228494094916,36,36,batch_0003,36,37,288,0,0,0,0,0,0,0,image (1473).JPG
image (1473).JPG,-3.876366099939844,-2.530228494094916,36,36,batch_0003,36,37,289,0,0,0,0,0,0,0,image (1473).JPG
image (1473).JPG,-3.876366099939844,-2.530228494094916,36,36,batch_0003,36,37,290,0,0,0,0,0,0,0,image (1473).JPG
image (373).JPG,-3.669298855183457,1.0021625409802517,2,2,batch_0003,2,3,291,0,0,0,0,0,0,0,image (373).JPG
image (373).JPG,-3.669298855183457,1.0021625409802517,2,2,batch_0003,2,3,292,0,0,0,0,0,0,0,image (373).JPG
image (373).JPG,-3.669298855183457,1.0021625409802517,2,2,batch_0003,2,3,293,0,0,0,0,0,0,0,image (373).JPG
image (373).JPG,-3.669298855183457,1.0021625409802517,2,2,batch_0003,2,3,294,0,0,0,0,0,0,0,image (373).JPG
image (373).JPG,-3.669298855183457,1.0021625409802517,2,2,batch_0003,2,3,295,0,0,0,0,0,0,0,image (373).JPG
image (373).JPG,-3.669298855183457,1.0021625409802517,2,2,batch_0003,2,3,296,0,0,0,0,0,0,0,image (373).JPG
image (2735).JPG,-4.82834322409546,-1.190050245939703,36,36,batch_0003,36,37,297,0,0,0,0,0,0,0,image (2735).JPG
image (1692).JPG,5.776988985568047,3.295433228439847,2,2,batch_0003,2,3,298,0,0,0,0,0,0,0,image (1692).JPG
image (583).JPG,-0.6581877545883356,-2.3868025609450627,29,29,batch_0003,29,30,299,0,0,0,0,0,0,0,image (583).JPG
image (583).JPG,-0.6581877545883356,-2.3868025609450627,29,29,batch_0003,29,30,300,0,0,0,0,0,0,0,image (583).JPG
image (583).JPG,-0.6581877545883356,-2.3868025609450627,29,29,batch_0003,29,30,301,0,0,0,0,0,0,0,image (583).JPG
image (583).JPG,-0.6581877545883356,-2.3868025609450627,29,29,batch_0003,29,30,302,0,0,0,0,0,0,0,image (583).JPG
image (342).JPG,3.451940950947451,-2.141360150192525,6,6,batch_0003,6,7,303,0,0,0,0,0,0,0,image (342).JPG
image (342).JPG,3.451940950947451,-2.141360150192525,6,6,batch_0003,6,7,304,0,0,0,0,0,0,0,image (342).JPG
image (342).JPG,3.451940950947451,-2.141360150192525,6,6,batch_0003,6,7,305,0,0,0,0,0,0,0,image (342).JPG
image (342).JPG,3.451940950947451,-2.141360150192525,6,6,batch_0003,6,7,306,0,0,0,0,0,0,0,image (342).JPG
image (342).JPG,3.451940950947451,-2.141360150192525,6,6,batch_0003,6,7,307,0,0,0,0,0,0,0,image (342).JPG
image (342).JPG,3.451940950947451,-2.141360150192525,6,6,batch_0003,6,7,308,0,0,0,0,0,0,0,image (342).JPG
image (342).JPG,3.451940950947451,-2.141360150192525,6,6,batch_0003,6,7,309,0,0,0,0,0,0,0,image (342).JPG
image (342).JPG,3.451940950947451,-2.141360150192525,6,6,batch_0003,6,7,310,0,0,0,0,0,0,0,image (342).JPG
image (342).JPG,3.451940950947451,-2.141360150192525,6,6,batch_0003,6,7,311,0,0,0,0,0,0,0,image (342).JPG
image (1239).JPG,-1.3414626457011825,-0.3205896587041013,6,6,batch_0003,6,7,312,0,0,0,0,0,0,0,image (1239).JPG
image (1239).JPG,-1.3414626457011825,-0.3205896587041013,6,6,batch_0003,6,7,313,0,0,0,0,0,0,0,image (1239).JPG
image (124).JPG,3.2943553805492067,-4.75125502276069,6,6,batch_0003,6,7,314,0,0,0,0,0,0,0,image (124).JPG
image (124).JPG,3.2943553805492067,-4.75125502276069,6,6,batch_0003,6,7,315,0,0,0,0,0,0,0,image (124).JPG
image (124).JPG,3.2943553805492067,-4.75125502276069,6,6,batch_0003,6,7,316,0,0,0,0,0,0,0,image (124).JPG
image (124).JPG,3.2943553805492067,-4.75125502276069,6,6,batch_0003,6,7,317,0,0,0,0,0,0,0,image (124).JPG
image (478).JPG,-7.774304954649118,3.3021467154895827,16,16,batch_0003,16,17,318,0,0,0,0,0,0,0,image (478).JPG
image (478).JPG,-7.774304954649118,3.3021467154895827,16,16,batch_0003,16,17,319,0,0,0,0,0,0,0,image (478).JPG
image (478).JPG,-7.774304954649118,3.3021467154895827,16,16,batch_0003,16,17,320,0,0,0,0,0,0,0,image (478).JPG
image (478).JPG,-7.774304954649118,3.3021467154895827,16,16,batch_0003,16,17,321,0,0,0,0,0,0,0,image (478).JPG
image (115).JPG,-2.1283152273730868,-4.287465208498033,16,16,batch_0003,16,17,322,0,0,0,0,0,0,0,image (115).JPG
image (115).JPG,-2.1283152273730868,-4.287465208498033,16,16,batch_0003,16,17,323,0,0,0,0,0,0,0,image (115).JPG
image (115).JPG,-2.1283152273730868,-4.287465208498033,16,16,batch_0003,16,17,324,0,0,0,0,0,0,0,image (115).JPG
image (115).JPG,-2.1283152273730868,-4.287465208498033,16,16,batch_0003,16,17,325,0,0,0,0,0,0,0,image (115).JPG
image (681).JPG,-3.1712560543447164,-1.3649302322120869,10,10,batch_0003,10,11,326,0,0,0,0,0,0,0,image (681).JPG
image (681).JPG,-3.1712560543447164,-1.3649302322120869,10,10,batch_0003,10,11,327,0,0,0,0,0,0,0,image (681).JPG
image (681).JPG,-3.1712560543447164,-1.3649302322120869,10,10,batch_0003,10,11,328,0,0,0,0,0,0,0,image (681).JPG
image (681).JPG,-3.1712560543447164,-1.3649302322120869,10,10,batch_0003,10,11,329,0,0,0,0,0,0,0,image (681).JPG
image (681).JPG,-3.1712560543447164,-1.3649302322120869,10,10,batch_0003,10,11,330,0,0,0,0,0,0,0,image (681).JPG
image (681).JPG,-3.1712560543447164,-1.3649302322120869,10,10,batch_0003,10,11,331,0,0,0,0,0,0,0,image (681).JPG
image (681).JPG,-3.1712560543447164,-1.3649302322120869,10,10,batch_0003,10,11,332,0,0,0,0,0,0,0,image (681).JPG
image (4171).JPG,-7.956568868050277,-5.326225087115045,16,16,batch_0003,16,17,333,0,0,0,0,0,0,0,image (4171).JPG
image (250).JPG,-4.392257732855224,-0.0893241456387677,6,6,batch_0003,6,7,334,0,0,0,0,0,0,0,image (250).JPG
image (250).JPG,-4.392257732855224,-0.0893241456387677,6,6,batch_0003,6,7,335,0,0,0,0,0,0,0,image (250).JPG
image (250).JPG,-4.392257732855224,-0.0893241456387677,6,6,batch_0003,6,7,336,0,0,0,0,0,0,0,image (250).JPG
image (250).JPG,-4.392257732855224,-0.0893241456387677,6,6,batch_0003,6,7,337,0,0,0,0,0,0,0,image (250).JPG
image (250).JPG,-4.392257732855224,-0.0893241456387677,6,6,batch_0003,6,7,338,0,0,0,0,0,0,0,image (250).JPG
image (250).JPG,-4.392257732855224,-0.0893241456387677,6,6,batch_0003,6,7,339,0,0,0,0,0,0,0,image (250).JPG
image (250).JPG,-4.392257732855224,-0.0893241456387677,6,6,batch_0003,6,7,340,0,0,0,0,0,0,0,image (250).JPG
image (1532).JPG,4.987551578142404,-6.81891222174162,17,17,batch_0003,17,18,341,0,0,0,0,0,0,0,image (1532).JPG
image (1532).JPG,4.987551578142404,-6.81891222174162,17,17,batch_0003,17,18,342,0,0,0,0,0,0,0,image (1532).JPG
image (1532).JPG,4.987551578142404,-6.81891222174162,17,17,batch_0003,17,18,343,0,0,0,0,0,0,0,image (1532).JPG
image (991).JPG,-3.443273348727549,-3.878139615777327,16,16,batch_0003,16,17,344,0,0,0,0,0,0,0,image (991).JPG
image (991).JPG,-3.443273348727549,-3.878139615777327,16,16,batch_0003,16,17,345,0,0,0,0,0,0,0,image (991).JPG
image (991).JPG,-3.443273348727549,-3.878139615777327,16,16,batch_0003,16,17,346,0,0,0,0,0,0,0,image (991).JPG
image (991).JPG,-3.443273348727549,-3.878139615777327,16,16,batch_0003,16,17,347,0,0,0,0,0,0,0,image (991).JPG
image (991).JPG,-3.443273348727549,-3.878139615777327,16,16,batch_0003,16,17,348,0,0,0,0,0,0,0,image (991).JPG
image (991).JPG,-3.443273348727549,-3.878139615777327,16,16,batch_0003,16,17,349,0,0,0,0,0,0,0,image (991).JPG
image (1076).JPG,-2.0287208223624966,-4.232177141389913,4,4,batch_0003,4,5,350,0,0,0,0,0,0,0,image (1076).JPG
image (1076).JPG,-2.0287208223624966,-4.232177141389913,4,4,batch_0003,4,5,351,0,0,0,0,0,0,0,image (1076).JPG
image (1076).JPG,-2.0287208223624966,-4.232177141389913,4,4,batch_0003,4,5,352,0,0,0,0,0,0,0,image (1076).JPG
image (3108).JPG,-3.74330064902076,0.7162455630724476,2,2,batch_0003,2,3,353,0,0,0,0,0,0,0,image (3108).JPG
image (3108).JPG,-3.74330064902076,0.7162455630724476,2,2,batch_0003,2,3,354,0,0,0,0,0,0,0,image (3108).JPG
image (902).JPG,2.3997057505586112,-2.28353824403955,6,6,batch_0003,6,7,355,0,0,0,0,0,0,0,image (902).JPG
image (902).JPG,2.3997057505586112,-2.28353824403955,6,6,batch_0003,6,7,356,0,0,0,0,0,0,0,image (902).JPG
image (902).JPG,2.3997057505586112,-2.28353824403955,6,6,batch_0003,6,7,357,0,0,0,0,0,0,0,image (902).JPG
image (902).JPG,2.3997057505586112,-2.28353824403955,6,6,batch_0003,6,7,358,0,0,0,0,0,0,0,image (902).JPG
image (866).JPG,-7.967937813972793,-5.359151939581873,16,16,batch_0003,16,17,359,0,0,0,0,0,0,0,image (866).JPG
image (866).JPG,-7.967937813972793,-5.359151939581873,16,16,batch_0003,16,17,360,0,0,0,0,0,0,0,image (866).JPG
image (866).JPG,-7.967937813972793,-5.359151939581873,16,16,batch_0003,16,17,361,0,0,0,0,0,0,0,image (866).JPG
image (866).JPG,-7.967937813972793,-5.359151939581873,16,16,batch_0003,16,17,362,0,0,0,0,0,0,0,image (866).JPG
image (866).JPG,-7.967937813972793,-5.359151939581873,16,16,batch_0003,16,17,363,0,0,0,0,0,0,0,image (866).JPG
image (3622).JPG,-4.430081357281303,-0.2335325416288743,16,16,batch_0003,16,17,364,0,0,0,0,0,0,0,image (3622).JPG
image (406).JPG,-3.6956258102797306,2.1163139667379207,2,2,batch_0003,2,3,365,0,0,0,0,0,0,0,image (406).JPG
image (406).JPG,-3.6956258102797306,2.1163139667379207,2,2,batch_0003,2,3,366,0,0,0,0,0,0,0,image (406).JPG
image (406).JPG,-3.6956258102797306,2.1163139667379207,2,2,batch_0003,2,3,367,0,0,0,0,0,0,0,image (406).JPG
image (406).JPG,-3.6956258102797306,2.1163139667379207,2,2,batch_0003,2,3,368,0,0,0,0,0,0,0,image (406).JPG
image (406).JPG,-3.6956258102797306,2.1163139667379207,2,2,batch_0003,2,3,369,0,0,0,0,0,0,0,image (406).JPG
image (406).JPG,-3.6956258102797306,2.1163139667379207,2,2,batch_0003,2,3,370,0,0,0,0,0,0,0,image (406).JPG
image (708).JPG,1.0644740404431343,-1.437196722180919,6,6,batch_0003,6,7,371,0,0,0,0,0,0,0,image (708).JPG
image (708).JPG,1.0644740404431343,-1.437196722180919,6,6,batch_0003,6,7,372,0,0,0,0,0,0,0,image (708).JPG
image (708).JPG,1.0644740404431343,-1.437196722180919,6,6,batch_0003,6,7,373,0,0,0,0,0,0,0,image (708).JPG
image (708).JPG,1.0644740404431343,-1.437196722180919,6,6,batch_0003,6,7,374,0,0,0,0,0,0,0,image (708).JPG
image (254).JPG,-3.267971228842381,-1.5520166653685044,2,2,batch_0003,2,3,375,0,0,0,0,0,0,0,image (254).JPG
image (254).JPG,-3.267971228842381,-1.5520166653685044,2,2,batch_0003,2,3,376,0,0,0,0,0,0,0,image (254).JPG
image (254).JPG,-3.267971228842381,-1.5520166653685044,2,2,batch_0003,2,3,377,0,0,0,0,0,0,0,image (254).JPG
image (254).JPG,-3.267971228842381,-1.5520166653685044,2,2,batch_0003,2,3,378,0,0,0,0,0,0,0,image (254).JPG
image (254).JPG,-3.267971228842381,-1.5520166653685044,2,2,batch_0003,2,3,379,0,0,0,0,0,0,0,image (254).JPG
image (254).JPG,-3.267971228842381,-1.5520166653685044,2,2,batch_0003,2,3,380,0,0,0,0,0,0,0,image (254).JPG
image (254).JPG,-3.267971228842381,-1.5520166653685044,2,2,batch_0003,2,3,381,0,0,0,0,0,0,0,image (254).JPG
image (254).JPG,-3.267971228842381,-1.5520166653685044,2,2,batch_0003,2,3,382,0,0,0,0,0,0,0,image (254).JPG
image (495).JPG,5.689779421106911,7.913378617388212,2,2,batch_0003,2,3,383,0,0,0,0,0,0,0,image (495).JPG
image (495).JPG,5.689779421106911,7.913378617388212,2,2,batch_0003,2,3,384,0,0,0,0,0,0,0,image (495).JPG
image (495).JPG,5.689779421106911,7.913378617388212,2,2,batch_0003,2,3,385,0,0,0,0,0,0,0,image (495).JPG
image (495).JPG,5.689779421106911,7.913378617388212,2,2,batch_0003,2,3,386,0,0,0,0,0,0,0,image (495).JPG
image (495).JPG,5.689779421106911,7.913378617388212,2,2,batch_0003,2,3,387,0,0,0,0,0,0,0,image (495).JPG
image (1682).JPG,5.515936858126426,0.6924567217865457,36,36,batch_0003,36,37,388,0,0,0,0,0,0,0,image (1682).JPG
image (207).JPG,-7.874080024256732,-4.90805475097686,36,36,batch_0003,36,37,389,0,0,0,0,0,0,0,image (207).JPG
image (207).JPG,-7.874080024256732,-4.90805475097686,36,36,batch_0003,36,37,390,0,0,0,0,0,0,0,image (207).JPG
image (207).JPG,-7.874080024256732,-4.90805475097686,36,36,batch_0003,36,37,391,0,0,0,0,0,0,0,image (207).JPG
image (207).JPG,-7.874080024256732,-4.90805475097686,36,36,batch_0003,36,37,392,0,0,0,0,0,0,0,image (207).JPG
image (207).JPG,-7.874080024256732,-4.90805475097686,36,36,batch_0003,36,37,393,0,0,0,0,0,0,0,image (207).JPG
image (710).JPG,0.4549391421893653,7.1201772436760375,26,26,batch_0003,26,27,394,0,0,0,0,0,0,0,image (710).JPG
image (710).JPG,0.4549391421893653,7.1201772436760375,26,26,batch_0003,26,27,395,0,0,0,0,0,0,0,image (710).JPG
image (710).JPG,0.4549391421893653,7.1201772436760375,26,26,batch_0003,26,27,396,0,0,0,0,0,0,0,image (710).JPG
image (915).jpg,4.496866937143483,7.133794304689999,4,4,batch_0003,4,5,397,0,0,0,0,0,0,0,image (915).jpg
image (2504).JPG,2.373156371575804,-0.5838301255047023,26,26,batch_0003,26,27,398,0,0,0,0,0,0,0,image (2504).JPG
image (2504).JPG,2.373156371575804,-0.5838301255047023,26,26,batch_0003,26,27,399,0,0,0,0,0,0,0,image (2504).JPG
image (294).JPG,-3.5752630466151745,-2.698975240623098,36,36,batch_0003,36,37,400,0,0,0,0,0,0,0,image (294).JPG
image (294).JPG,-3.5752630466151745,-2.698975240623098,36,36,batch_0003,36,37,401,0,0,0,0,0,0,0,image (294).JPG
image (294).JPG,-3.5752630466151745,-2.698975240623098,36,36,batch_0003,36,37,402,0,0,0,0,0,0,0,image (294).JPG
image (294).JPG,-3.5752630466151745,-2.698975240623098,36,36,batch_0003,36,37,403,0,0,0,0,0,0,0,image (294).JPG
image (294).JPG,-3.5752630466151745,-2.698975240623098,36,36,batch_0003,36,37,404,0,0,0,0,0,0,0,image (294).JPG
image (294).JPG,-3.5752630466151745,-2.698975240623098,36,36,batch_0003,36,37,405,0,0,0,0,0,0,0,image (294).JPG
image (294).JPG,-3.5752630466151745,-2.698975240623098,36,36,batch_0003,36,37,406,0,0,0,0,0,0,0,image (294).JPG
image (294).JPG,-3.5752630466151745,-2.698975240623098,36,36,batch_0003,36,37,407,0,0,0,0,0,0,0,image (294).JPG
image (294).JPG,-3.5752630466151745,-2.698975240623098,36,36,batch_0003,36,37,408,0,0,0,0,0,0,0,image (294).JPG
image (294).JPG,-3.5752630466151745,-2.698975240623098,36,36,batch_0003,36,37,409,0,0,0,0,0,0,0,image (294).JPG
image (294).JPG,-3.5752630466151745,-2.698975240623098,36,36,batch_0003,36,37,410,0,0,0,0,0,0,0,image (294).JPG
image (294).JPG,-3.5752630466151745,-2.698975240623098,36,36,batch_0003,36,37,411,0,0,0,0,0,0,0,image (294).JPG
image (421).JPG,3.758098850201839,-2.470360991668267,4,4,batch_0003,4,5,412,0,0,0,0,0,0,0,image (421).JPG
image (421).JPG,3.758098850201839,-2.470360991668267,4,4,batch_0003,4,5,413,0,0,0,0,0,0,0,image (421).JPG
image (1838).JPG,5.8365454457478005,3.214019263897762,2,2,batch_0003,2,3,414,0,0,0,0,0,0,0,image (1838).JPG
image (242).JPG,-1.7463390322855266,4.420476830867586,2,2,batch_0003,2,3,415,0,0,0,0,0,0,0,image (242).JPG
image (242).JPG,-1.7463390322855266,4.420476830867586,2,2,batch_0003,2,3,416,0,0,0,0,0,0,0,image (242).JPG
image (242).JPG,-1.7463390322855266,4.420476830867586,2,2,batch_0003,2,3,417,0,0,0,0,0,0,0,image (242).JPG
image (403).jpg,0.9515778898816808,2.1830729872955583,6,6,batch_0003,6,7,418,0,0,0,0,0,0,0,image (403).jpg
image (282).JPG,2.664058800372735,-2.226656739997553,36,36,batch_0003,36,37,419,0,0,0,0,0,0,0,image (282).JPG
image (282).JPG,2.664058800372735,-2.226656739997553,36,36,batch_0003,36,37,420,0,0,0,0,0,0,0,image (282).JPG
image (282).JPG,2.664058800372735,-2.226656739997553,36,36,batch_0003,36,37,421,0,0,0,0,0,0,0,image (282).JPG
image (282).JPG,2.664058800372735,-2.226656739997553,36,36,batch_0003,36,37,422,0,0,0,0,0,0,0,image (282).JPG
image (282).JPG,2.664058800372735,-2.226656739997553,36,36,batch_0003,36,37,423,0,0,0,0,0,0,0,image (282).JPG
image (282).JPG,2.664058800372735,-2.226656739997553,36,36,batch_0003,36,37,424,0,0,0,0,0,0,0,image (282).JPG
image (282).JPG,2.664058800372735,-2.226656739997553,36,36,batch_0003,36,37,425,0,0,0,0,0,0,0,image (282).JPG
image (282).JPG,2.664058800372735,-2.226656739997553,36,36,batch_0003,36,37,426,0,0,0,0,0,0,0,image (282).JPG
image (3986).JPG,-4.931051227355119,-0.7829805084834002,6,6,batch_0003,6,7,427,0,0,0,0,0,0,0,image (3986).JPG
image (3341).JPG,6.589309462261203,4.242259464374281,2,2,batch_0003,2,3,428,0,0,0,0,0,0,0,image (3341).JPG
image (921).JPG,6.473286599149499,3.746522047046196,16,16,batch_0003,16,17,429,0,0,0,0,0,0,0,image (921).JPG
image (921).JPG,6.473286599149499,3.746522047046196,16,16,batch_0003,16,17,430,0,0,0,0,0,0,0,image (921).JPG
image (921).JPG,6.473286599149499,3.746522047046196,16,16,batch_0003,16,17,431,0,0,0,0,0,0,0,image (921).JPG
image (921).JPG,6.473286599149499,3.746522047046196,16,16,batch_0003,16,17,432,0,0,0,0,0,0,0,image (921).JPG
image (921).JPG,6.473286599149499,3.746522047046196,16,16,batch_0003,16,17,433,0,0,0,0,0,0,0,image (921).JPG
image (921).JPG,6.473286599149499,3.746522047046196,16,16,batch_0003,16,17,434,0,0,0,0,0,0,0,image (921).JPG
image (921).JPG,6.473286599149499,3.746522047046196,16,16,batch_0003,16,17,435,0,0,0,0,0,0,0,image (921).JPG
image (211).JPG,0.6094073488395372,-3.025298475644781,6,6,batch_0003,6,7,436,0,0,0,0,0,0,0,image (211).JPG
image (211).JPG,0.6094073488395372,-3.025298475644781,6,6,batch_0003,6,7,437,0,0,0,0,0,0,0,image (211).JPG
image (211).JPG,0.6094073488395372,-3.025298475644781,6,6,batch_0003,6,7,438,0,0,0,0,0,0,0,image (211).JPG
image (1212).JPG,6.332672261596368,3.49401382345893,6,6,batch_0003,6,7,439,0,0,0,0,0,0,0,image (1212).JPG
image (1212).JPG,6.332672261596368,3.49401382345893,6,6,batch_0003,6,7,440,0,0,0,0,0,0,0,image (1212).JPG
image (697).JPG,-6.483519873174823,0.6546299110858346,6,6,batch_0003,6,7,441,0,0,0,0,0,0,0,image (697).JPG
image (697).JPG,-6.483519873174823,0.6546299110858346,6,6,batch_0003,6,7,442,0,0,0,0,0,0,0,image (697).JPG
image (697).JPG,-6.483519873174823,0.6546299110858346,6,6,batch_0003,6,7,443,0,0,0,0,0,0,0,image (697).JPG
image (697).JPG,-6.483519873174823,0.6546299110858346,6,6,batch_0003,6,7,444,0,0,0,0,0,0,0,image (697).JPG
image (148).JPG,-0.6705907736857109,-1.9957630783329896,29,29,batch_0003,29,30,445,0,0,0,0,0,0,0,image (148).JPG
image (148).JPG,-0.6705907736857109,-1.9957630783329896,29,29,batch_0003,29,30,446,0,0,0,0,0,0,0,image (148).JPG
image (148).JPG,-0.6705907736857109,-1.9957630783329896,29,29,batch_0003,29,30,447,0,0,0,0,0,0,0,image (148).JPG
image (148).JPG,-0.6705907736857109,-1.9957630783329896,29,29,batch_0003,29,30,448,0,0,0,0,0,0,0,image (148).JPG
image (148).JPG,-0.6705907736857109,-1.9957630783329896,29,29,batch_0003,29,30,449,0,0,0,0,0,0,0,image (148).JPG
image (148).JPG,-0.6705907736857109,-1.9957630783329896,29,29,batch_0003,29,30,450,0,0,0,0,0,0,0,image (148).JPG
image (148).JPG,-0.6705907736857109,-1.9957630783329896,29,29,batch_0003,29,30,451,0,0,0,0,0,0,0,image (148).JPG
image (148).JPG,-0.6705907736857109,-1.9957630783329896,29,29,batch_0003,29,30,452,0,0,0,0,0,0,0,image (148).JPG
image (1440).JPG,3.332636885066244,0.9202631297543912,6,6,batch_0003,6,7,453,0,0,0,0,0,0,0,image (1440).JPG
image (1440).JPG,3.332636885066244,0.9202631297543912,6,6,batch_0003,6,7,454,0,0,0,0,0,0,0,image (1440).JPG
image (1440).JPG,3.332636885066244,0.9202631297543912,6,6,batch_0003,6,7,455,0,0,0,0,0,0,0,image (1440).JPG
image (1440).JPG,3.332636885066244,0.9202631297543912,6,6,batch_0003,6,7,456,0,0,0,0,0,0,0,image (1440).JPG
image (1440).JPG,3.332636885066244,0.9202631297543912,6,6,batch_0003,6,7,457,0,0,0,0,0,0,0,image (1440).JPG
image (277).JPG,-1.7669136434577088,3.902372915932733,2,2,batch_0003,2,3,458,0,0,0,0,0,0,0,image (277).JPG
image (277).JPG,-1.7669136434577088,3.902372915932733,2,2,batch_0003,2,3,459,0,0,0,0,0,0,0,image (277).JPG
image (277).JPG,-1.7669136434577088,3.902372915932733,2,2,batch_0003,2,3,460,0,0,0,0,0,0,0,image (277).JPG
image (277).JPG,-1.7669136434577088,3.902372915932733,2,2,batch_0003,2,3,461,0,0,0,0,0,0,0,image (277).JPG
image (277).JPG,-1.7669136434577088,3.902372915932733,2,2,batch_0003,2,3,462,0,0,0,0,0,0,0,image (277).JPG
image (277).JPG,-1.7669136434577088,3.902372915932733,2,2,batch_0003,2,3,463,0,0,0,0,0,0,0,image (277).JPG
image (277).JPG,-1.7669136434577088,3.902372915932733,2,2,batch_0003,2,3,464,0,0,0,0,0,0,0,image (277).JPG
image (277).JPG,-1.7669136434577088,3.902372915932733,2,2,batch_0003,2,3,465,0,0,0,0,0,0,0,image (277).JPG
image (277).JPG,-1.7669136434577088,3.902372915932733,2,2,batch_0003,2,3,466,0,0,0,0,0,0,0,image (277).JPG
image (5223).JPG,5.781250527232809,3.901102251581009,2,2,batch_0003,2,3,467,0,0,0,0,0,0,0,image (5223).JPG
image (3031).JPG,-7.960307771653452,3.512556666573458,10,10,batch_0003,10,11,468,0,0,0,0,0,0,0,image (3031).JPG
image (806).JPG,-3.677961442961738,1.0559158684226928,17,17,batch_0003,17,18,469,0,0,0,0,0,0,0,image (806).JPG
image (806).JPG,-3.677961442961738,1.0559158684226928,17,17,batch_0003,17,18,470,0,0,0,0,0,0,0,image (806).JPG
image (806).JPG,-3.677961442961738,1.0559158684226928,17,17,batch_0003,17,18,471,0,0,0,0,0,0,0,image (806).JPG
image (806).JPG,-3.677961442961738,1.0559158684226928,17,17,batch_0003,17,18,472,0,0,0,0,0,0,0,image (806).JPG
image (394).JPG,0.5853971724370778,-1.5595366916160929,17,17,batch_0003,17,18,473,0,0,0,0,0,0,0,image (394).JPG
image (394).JPG,0.5853971724370778,-1.5595366916160929,17,17,batch_0003,17,18,474,0,0,0,0,0,0,0,image (394).JPG
image (394).JPG,0.5853971724370778,-1.5595366916160929,17,17,batch_0003,17,18,475,0,0,0,0,0,0,0,image (394).JPG
image (394).JPG,0.5853971724370778,-1.5595366916160929,17,17,batch_0003,17,18,476,0,0,0,0,0,0,0,image (394).JPG
image (394).JPG,0.5853971724370778,-1.5595366916160929,17,17,batch_0003,17,18,477,0,0,0,0,0,0,0,image (394).JPG
image (394).JPG,0.5853971724370778,-1.5595366916160929,17,17,batch_0003,17,18,478,0,0,0,0,0,0,0,image (394).JPG
image (91).JPG,2.014054173240753,-3.878139487729068,6,6,batch_0003,6,7,479,0,0,0,0,0,0,0,image (91).JPG
image (91).JPG,2.014054173240753,-3.878139487729068,6,6,batch_0003,6,7,480,0,0,0,0,0,0,0,image (91).JPG
image (91).JPG,2.014054173240753,-3.878139487729068,6,6,batch_0003,6,7,481,0,0,0,0,0,0,0,image (91).JPG
image (2551).JPG,-7.948597730421456,3.476493548573841,2,2,batch_0003,2,3,482,0,0,0,0,0,0,0,image (2551).JPG
image (2551).JPG,-7.948597730421456,3.476493548573841,2,2,batch_0003,2,3,483,0,0,0,0,0,0,0,image (2551).JPG
image (855).JPG,0.7663841571188366,-2.9760442670967806,17,17,batch_0003,17,18,484,0,0,0,0,0,0,0,image (855).JPG
image (855).JPG,0.7663841571188366,-2.9760442670967806,17,17,batch_0003,17,18,485,0,0,0,0,0,0,0,image (855).JPG
image (855).JPG,0.7663841571188366,-2.9760442670967806,17,17,batch_0003,17,18,486,0,0,0,0,0,0,0,image (855).JPG
image (429).JPG,-5.729091350211541,0.0195447355195396,17,17,batch_0003,17,18,487,0,0,0,0,0,0,0,image (429).JPG
image (429).JPG,-5.729091350211541,0.0195447355195396,17,17,batch_0003,17,18,488,0,0,0,0,0,0,0,image (429).JPG
image (429).JPG,-5.729091350211541,0.0195447355195396,17,17,batch_0003,17,18,489,0,0,0,0,0,0,0,image (429).JPG
image (1074).JPG,-3.4844809104075085,0.1576625424948605,6,6,batch_0003,6,7,490,0,0,0,0,0,0,0,image (1074).JPG
image (1074).JPG,-3.4844809104075085,0.1576625424948605,6,6,batch_0003,6,7,491,0,0,0,0,0,0,0,image (1074).JPG
image (2350).JPG,-6.614410864858335,-1.3776282948098788,36,36,batch_0003,36,37,492,0,0,0,0,0,0,0,image (2350).JPG
image (1954).JPG,0.6223267758604759,-1.6169719934855005,29,29,batch_0003,29,30,493,0,0,0,0,0,0,0,image (1954).JPG
image (1954).JPG,0.6223267758604759,-1.6169719934855005,29,29,batch_0003,29,30,494,0,0,0,0,0,0,0,image (1954).JPG
image (332).JPG,0.315811608184766,-6.708776676498695,2,2,batch_0003,2,3,495,0,0,0,0,0,0,0,image (332).JPG
image (332).JPG,0.315811608184766,-6.708776676498695,2,2,batch_0003,2,3,496,0,0,0,0,0,0,0,image (332).JPG
image (332).JPG,0.315811608184766,-6.708776676498695,2,2,batch_0003,2,3,497,0,0,0,0,0,0,0,image (332).JPG
image (332).JPG,0.315811608184766,-6.708776676498695,2,2,batch_0003,2,3,498,0,0,0,0,0,0,0,image (332).JPG
image (332).JPG,0.315811608184766,-6.708776676498695,2,2,batch_0003,2,3,499,0,0,0,0,0,0,0,image (332).JPG
image (332).JPG,0.315811608184766,-6.708776676498695,2,2,batch_0003,2,3,500,0,0,0,0,0,0,0,image (332).JPG
image (332).JPG,0.315811608184766,-6.708776676498695,2,2,batch_0003,2,3,501,0,0,0,0,0,0,0,image (332).JPG
image (332).JPG,0.315811608184766,-6.708776676498695,2,2,batch_0003,2,3,502,0,0,0,0,0,0,0,image (332).JPG
image (332).JPG,0.315811608184766,-6.708776676498695,2,2,batch_0003,2,3,503,0,0,0,0,0,0,0,image (332).JPG
image (332).JPG,0.315811608184766,-6.708776676498695,2,2,batch_0003,2,3,504,0,0,0,0,0,0,0,image (332).JPG
image (2610).JPG,3.2060345051636983,-2.268139933053554,6,6,batch_0003,6,7,505,0,0,0,0,0,0,0,image (2610).JPG
image (1202).JPG,-1.7366200502076523,4.196779835413078,36,36,batch_0003,36,37,506,0,0,0,0,0,0,0,image (1202).JPG
image (267).JPG,-1.2920583492315971,4.416952321921586,10,10,batch_0003,10,11,507,0,0,0,0,0,0,0,image (267).JPG
image (1059).JPG,2.5183905025170668,-2.49141833620025,6,6,batch_0003,6,7,508,0,0,0,0,0,0,0,image (1059).JPG
image (1059).JPG,2.5183905025170668,-2.49141833620025,6,6,batch_0003,6,7,509,0,0,0,0,0,0,0,image (1059).JPG
image (1059).JPG,2.5183905025170668,-2.49141833620025,6,6,batch_0003,6,7,510,0,0,0,0,0,0,0,image (1059).JPG
image (2336).JPG,-4.435815280127505,-0.9581463421569676,2,2,batch_0003,2,3,511,0,0,0,0,0,0,0,image (2336).JPG
image (388).JPG,5.869408604465312,1.3010917643723936,17,17,batch_0003,17,18,512,0,0,0,0,0,0,0,image (388).JPG
image (388).JPG,5.869408604465312,1.3010917643723936,17,17,batch_0003,17,18,513,0,0,0,0,0,0,0,image (388).JPG
image (388).JPG,5.869408604465312,1.3010917643723936,17,17,batch_0003,17,18,514,0,0,0,0,0,0,0,image (388).JPG
image (388).JPG,5.869408604465312,1.3010917643723936,17,17,batch_0003,17,18,515,0,0,0,0,0,0,0,image (388).JPG
image (7).JPG,0.7981916206493411,-1.4687132514013026,2,2,batch_0003,2,3,516,0,0,0,0,0,0,0,image (7).JPG
image (7).JPG,0.7981916206493411,-1.4687132514013026,2,2,batch_0003,2,3,517,0,0,0,0,0,0,0,image (7).JPG
image (7).JPG,0.7981916206493411,-1.4687132514013026,2,2,batch_0003,2,3,518,0,0,0,0,0,0,0,image (7).JPG
image (7).JPG,0.7981916206493411,-1.4687132514013026,2,2,batch_0003,2,3,519,0,0,0,0,0,0,0,image (7).JPG
image (7).JPG,0.7981916206493411,-1.4687132514013026,2,2,batch_0003,2,3,520,0,0,0,0,0,0,0,image (7).JPG
image (7).JPG,0.7981916206493411,-1.4687132514013026,2,2,batch_0003,2,3,521,0,0,0,0,0,0,0,image (7).JPG
image (7).JPG,0.7981916206493411,-1.4687132514013026,2,2,batch_0003,2,3,522,0,0,0,0,0,0,0,image (7).JPG
image (7).JPG,0.7981916206493411,-1.4687132514013026,2,2,batch_0003,2,3,523,0,0,0,0,0,0,0,image (7).JPG
image (889).JPG,-5.153052857778921,-1.1111024181980804,6,6,batch_0003,6,7,524,0,0,0,0,0,0,0,image (889).JPG
image (198).JPG,-5.362772499597034,0.2181428336401183,29,29,batch_0003,29,30,525,0,0,0,0,0,0,0,image (198).JPG
image (198).JPG,-5.362772499597034,0.2181428336401183,29,29,batch_0003,29,30,526,0,0,0,0,0,0,0,image (198).JPG
image (198).JPG,-5.362772499597034,0.2181428336401183,29,29,batch_0003,29,30,527,0,0,0,0,0,0,0,image (198).JPG
image (198).JPG,-5.362772499597034,0.2181428336401183,29,29,batch_0003,29,30,528,0,0,0,0,0,0,0,image (198).JPG
image (198).JPG,-5.362772499597034,0.2181428336401183,29,29,batch_0003,29,30,529,0,0,0,0,0,0,0,image (198).JPG
image (198).JPG,-5.362772499597034,0.2181428336401183,29,29,batch_0003,29,30,530,0,0,0,0,0,0,0,image (198).JPG
image (198).JPG,-5.362772499597034,0.2181428336401183,29,29,batch_0003,29,30,531,0,0,0,0,0,0,0,image (198).JPG
image (234).JPG,-3.269578348579269,-0.4155876024760119,6,6,batch_0003,6,7,532,0,0,0,0,0,0,0,image (234).JPG
image (234).JPG,-3.269578348579269,-0.4155876024760119,6,6,batch_0003,6,7,533,0,0,0,0,0,0,0,image (234).JPG
image (234).JPG,-3.269578348579269,-0.4155876024760119,6,6,batch_0003,6,7,534,0,0,0,0,0,0,0,image (234).JPG
image (3642).JPG,6.529809477524572,3.953980990472484,2,2,batch_0003,2,3,535,0,0,0,0,0,0,0,image (3642).JPG
image (935).JPG,-2.35962982988188,-2.3756823138949312,6,6,batch_0003,6,7,536,0,0,0,0,0,0,0,image (935).JPG
image (935).JPG,-2.35962982988188,-2.3756823138949312,6,6,batch_0003,6,7,537,0,0,0,0,0,0,0,image (935).JPG
image (935).JPG,-2.35962982988188,-2.3756823138949312,6,6,batch_0003,6,7,538,0,0,0,0,0,0,0,image (935).JPG
image (963).JPG,0.2364098776766207,-3.603040743838793,6,6,batch_0003,6,7,539,0,0,0,0,0,0,0,image (963).JPG
image (963).JPG,0.2364098776766207,-3.603040743838793,6,6,batch_0003,6,7,540,0,0,0,0,0,0,0,image (963).JPG
image (963).JPG,0.2364098776766207,-3.603040743838793,6,6,batch_0003,6,7,541,0,0,0,0,0,0,0,image (963).JPG
image (807).JPG,0.8138036188656322,-3.047788643258221,36,36,batch_0003,36,37,542,0,0,0,0,0,0,0,image (807).JPG
image (807).JPG,0.8138036188656322,-3.047788643258221,36,36,batch_0003,36,37,543,0,0,0,0,0,0,0,image (807).JPG
image (2076).JPG,0.1757704820548448,-2.4380512347172902,6,6,batch_0003,6,7,544,0,0,0,0,0,0,0,image (2076).JPG
image (2076).JPG,0.1757704820548448,-2.4380512347172902,6,6,batch_0003,6,7,545,0,0,0,0,0,0,0,image (2076).JPG
image (775).JPG,5.434680872644938,4.148813140763222,16,16,batch_0003,16,17,546,0,0,0,0,0,0,0,image (775).JPG
image (775).JPG,5.434680872644938,4.148813140763222,16,16,batch_0003,16,17,547,0,0,0,0,0,0,0,image (775).JPG
image (775).JPG,5.434680872644938,4.148813140763222,16,16,batch_0003,16,17,548,0,0,0,0,0,0,0,image (775).JPG
image (2740).JPG,-7.811865954726257,3.3946886391599724,2,2,batch_0003,2,3,549,0,0,0,0,0,0,0,image (2740).JPG
image (48).JPG,-2.577804722757681,0.2348953607710886,6,6,batch_0003,6,7,550,0,0,0,0,0,0,0,image (48).JPG
image (48).JPG,-2.577804722757681,0.2348953607710886,6,6,batch_0003,6,7,551,0,0,0,0,0,0,0,image (48).JPG
image (48).JPG,-2.577804722757681,0.2348953607710886,6,6,batch_0003,6,7,552,0,0,0,0,0,0,0,image (48).JPG
image (48).JPG,-2.577804722757681,0.2348953607710886,6,6,batch_0003,6,7,553,0,0,0,0,0,0,0,image (48).JPG
image (48).JPG,-2.577804722757681,0.2348953607710886,6,6,batch_0003,6,7,554,0,0,0,0,0,0,0,image (48).JPG
image (48).JPG,-2.577804722757681,0.2348953607710886,6,6,batch_0003,6,7,555,0,0,0,0,0,0,0,image (48).JPG
image (48).JPG,-2.577804722757681,0.2348953607710886,6,6,batch_0003,6,7,556,0,0,0,0,0,0,0,image (48).JPG
image (1142).JPG,-5.381365126780876,-2.884225296493793,2,2,batch_0003,2,3,557,0,0,0,0,0,0,0,image (1142).JPG
image (1142).JPG,-5.381365126780876,-2.884225296493793,2,2,batch_0003,2,3,558,0,0,0,0,0,0,0,image (1142).JPG
image (1142).JPG,-5.381365126780876,-2.884225296493793,2,2,batch_0003,2,3,559,0,0,0,0,0,0,0,image (1142).JPG
image (1142).JPG,-5.381365126780876,-2.884225296493793,2,2,batch_0003,2,3,560,0,0,0,0,0,0,0,image (1142).JPG
image (1109).JPG,8.857261224880734,0.4361690591967216,2,2,batch_0003,2,3,561,0,0,0,0,0,0,0,image (1109).JPG
image (1109).JPG,8.857261224880734,0.4361690591967216,2,2,batch_0003,2,3,562,0,0,0,0,0,0,0,image (1109).JPG
image (1109).JPG,8.857261224880734,0.4361690591967216,2,2,batch_0003,2,3,563,0,0,0,0,0,0,0,image (1109).JPG
image (1109).JPG,8.857261224880734,0.4361690591967216,2,2,batch_0003,2,3,564,0,0,0,0,0,0,0,image (1109).JPG
image (337).JPG,5.93746840311063,1.861473885874657,6,6,batch_0003,6,7,565,0,0,0,0,0,0,0,image (337).JPG
image (337).JPG,5.93746840311063,1.861473885874657,6,6,batch_0003,6,7,566,0,0,0,0,0,0,0,image (337).JPG
image (337).JPG,5.93746840311063,1.861473885874657,6,6,batch_0003,6,7,567,0,0,0,0,0,0,0,image (337).JPG
image (337).JPG,5.93746840311063,1.861473885874657,6,6,batch_0003,6,7,568,0,0,0,0,0,0,0,image (337).JPG
image (337).JPG,5.93746840311063,1.861473885874657,6,6,batch_0003,6,7,569,0,0,0,0,0,0,0,image (337).JPG
image (337).JPG,5.93746840311063,1.861473885874657,6,6,batch_0003,6,7,570,0,0,0,0,0,0,0,image (337).JPG
image (337).JPG,5.93746840311063,1.861473885874657,6,6,batch_0003,6,7,571,0,0,0,0,0,0,0,image (337).JPG
image (337).JPG,5.93746840311063,1.861473885874657,6,6,batch_0003,6,7,572,0,0,0,0,0,0,0,image (337).JPG
image (337).JPG,5.93746840311063,1.861473885874657,6,6,batch_0003,6,7,573,0,0,0,0,0,0,0,image (337).JPG
image (1044).JPG,-0.8268989143448425,-0.7396095778168994,6,6,batch_0003,6,7,574,0,0,0,0,0,0,0,image (1044).JPG
image (1044).JPG,-0.8268989143448425,-0.7396095778168994,6,6,batch_0003,6,7,575,0,0,0,0,0,0,0,image (1044).JPG
image (1044).JPG,-0.8268989143448425,-0.7396095778168994,6,6,batch_0003,6,7,576,0,0,0,0,0,0,0,image (1044).JPG
image (1044).JPG,-0.8268989143448425,-0.7396095778168994,6,6,batch_0003,6,7,577,0,0,0,0,0,0,0,image (1044).JPG
image (1044).JPG,-0.8268989143448425,-0.7396095778168994,6,6,batch_0003,6,7,578,0,0,0,0,0,0,0,image (1044).JPG
image (428).JPG,3.040158390592768,-5.502862931536275,17,17,batch_0003,17,18,579,0,0,0,0,0,0,0,image (428).JPG
image (428).JPG,3.040158390592768,-5.502862931536275,17,17,batch_0003,17,18,580,0,0,0,0,0,0,0,image (428).JPG
image (428).JPG,3.040158390592768,-5.502862931536275,17,17,batch_0003,17,18,581,0,0,0,0,0,0,0,image (428).JPG
image (428).JPG,3.040158390592768,-5.502862931536275,17,17,batch_0003,17,18,582,0,0,0,0,0,0,0,image (428).JPG
image (428).JPG,3.040158390592768,-5.502862931536275,17,17,batch_0003,17,18,583,0,0,0,0,0,0,0,image (428).JPG
image (428).JPG,3.040158390592768,-5.502862931536275,17,17,batch_0003,17,18,584,0,0,0,0,0,0,0,image (428).JPG
image (428).JPG,3.040158390592768,-5.502862931536275,17,17,batch_0003,17,18,585,0,0,0,0,0,0,0,image (428).JPG
image (419).JPG,6.472144775704098,5.055097038421643,2,2,batch_0003,2,3,586,0,0,0,0,0,0,0,image (419).JPG
image (419).JPG,6.472144775704098,5.055097038421643,2,2,batch_0003,2,3,587,0,0,0,0,0,0,0,image (419).JPG
image (419).JPG,6.472144775704098,5.055097038421643,2,2,batch_0003,2,3,588,0,0,0,0,0,0,0,image (419).JPG
image (419).JPG,6.472144775704098,5.055097038421643,2,2,batch_0003,2,3,589,0,0,0,0,0,0,0,image (419).JPG
image (419).JPG,6.472144775704098,5.055097038421643,2,2,batch_0003,2,3,590,0,0,0,0,0,0,0,image (419).JPG
image (419).JPG,6.472144775704098,5.055097038421643,2,2,batch_0003,2,3,591,0,0,0,0,0,0,0,image (419).JPG
image (419).JPG,6.472144775704098,5.055097038421643,2,2,batch_0003,2,3,592,0,0,0,0,0,0,0,image (419).JPG
image (419).JPG,6.472144775704098,5.055097038421643,2,2,batch_0003,2,3,593,0,0,0,0,0,0,0,image (419).JPG
image (88).JPG,-6.177611354913354,-1.57966742878013,29,29,batch_0003,29,30,594,0,0,0,0,0,0,0,image (88).JPG
image (88).JPG,-6.177611354913354,-1.57966742878013,29,29,batch_0003,29,30,595,0,0,0,0,0,0,0,image (88).JPG
image (88).JPG,-6.177611354913354,-1.57966742878013,29,29,batch_0003,29,30,596,0,0,0,0,0,0,0,image (88).JPG
image (88).JPG,-6.177611354913354,-1.57966742878013,29,29,batch_0003,29,30,597,0,0,0,0,0,0,0,image (88).JPG
image (88).JPG,-6.177611354913354,-1.57966742878013,29,29,batch_0003,29,30,598,0,0,0,0,0,0,0,image (88).JPG
image (88).JPG,-6.177611354913354,-1.57966742878013,29,29,batch_0003,29,30,599,0,0,0,0,0,0,0,image (88).JPG
image (88).JPG,-6.177611354913354,-1.57966742878013,29,29,batch_0003,29,30,600,0,0,0,0,0,0,0,image (88).JPG
image (2235).JPG,-0.83358105002219,-0.342290067831613,2,2,batch_0003,2,3,601,0,0,0,0,0,0,0,image (2235).JPG
image (2235).JPG,-0.83358105002219,-0.342290067831613,2,2,batch_0003,2,3,602,0,0,0,0,0,0,0,image (2235).JPG
image (717).JPG,-4.85811502174647,-0.6695271490335001,16,16,batch_0003,16,17,603,0,0,0,0,0,0,0,image (717).JPG
image (717).JPG,-4.85811502174647,-0.6695271490335001,16,16,batch_0003,16,17,604,0,0,0,0,0,0,0,image (717).JPG
image (717).JPG,-4.85811502174647,-0.6695271490335001,16,16,batch_0003,16,17,605,0,0,0,0,0,0,0,image (717).JPG
image (717).JPG,-4.85811502174647,-0.6695271490335001,16,16,batch_0003,16,17,606,0,0,0,0,0,0,0,image (717).JPG
image (717).JPG,-4.85811502174647,-0.6695271490335001,16,16,batch_0003,16,17,607,0,0,0,0,0,0,0,image (717).JPG
image (717).JPG,-4.85811502174647,-0.6695271490335001,16,16,batch_0003,16,17,608,0,0,0,0,0,0,0,image (717).JPG
image (3564).JPG,-5.628441974409816,1.268187617389958,2,2,batch_0003,2,3,609,0,0,0,0,0,0,0,image (3564).JPG
image (391).JPG,4.342605687870583,-5.44478009315704,2,2,batch_0003,2,3,610,0,0,0,0,0,0,0,image (391).JPG
image (391).JPG,4.342605687870583,-5.44478009315704,2,2,batch_0003,2,3,611,0,0,0,0,0,0,0,image (391).JPG
image (1367).JPG,2.932310405359906,-2.633458005499639,29,29,batch_0003,29,30,612,0,0,0,0,0,0,0,image (1367).JPG
image (1367).JPG,2.932310405359906,-2.633458005499639,29,29,batch_0003,29,30,613,0,0,0,0,0,0,0,image (1367).JPG
image (4715).JPG,0.1171571204953967,-2.48139754835059,2,2,batch_0003,2,3,614,0,0,0,0,0,0,0,image (4715).JPG
image (803).JPG,-1.7959371333031915,3.9164935548041946,10,10,batch_0003,10,11,615,0,0,0,0,0,0,0,image (803).JPG
image (803).JPG,-1.7959371333031915,3.9164935548041946,10,10,batch_0003,10,11,616,0,0,0,0,0,0,0,image (803).JPG
image (803).JPG,-1.7959371333031915,3.9164935548041946,10,10,batch_0003,10,11,617,0,0,0,0,0,0,0,image (803).JPG
image (803).JPG,-1.7959371333031915,3.9164935548041946,10,10,batch_0003,10,11,618,0,0,0,0,0,0,0,image (803).JPG
image (803).JPG,-1.7959371333031915,3.9164935548041946,10,10,batch_0003,10,11,619,0,0,0,0,0,0,0,image (803).JPG
image (1232).JPG,-1.007132974180048,-0.9001740851954474,2,2,batch_0003,2,3,620,0,0,0,0,0,0,0,image (1232).JPG
image (1232).JPG,-1.007132974180048,-0.9001740851954474,2,2,batch_0003,2,3,621,0,0,0,0,0,0,0,image (1232).JPG
image (1504).JPG,-4.2999834938125225,-0.635974086064958,16,16,batch_0003,16,17,622,0,0,0,0,0,0,0,image (1504).JPG
image (1504).JPG,-4.2999834938125225,-0.635974086064958,16,16,batch_0003,16,17,623,0,0,0,0,0,0,0,image (1504).JPG
image (1787).JPG,-6.4884753853659305,0.1856650068390717,26,26,batch_0003,26,27,624,0,0,0,0,0,0,0,image (1787).JPG
image (1787).JPG,-6.4884753853659305,0.1856650068390717,26,26,batch_0003,26,27,625,0,0,0,0,0,0,0,image (1787).JPG
image (141).JPG,-5.17282864142374,-1.102819142598689,29,29,batch_0003,29,30,626,0,0,0,0,0,0,0,image (141).JPG
image (141).JPG,-5.17282864142374,-1.102819142598689,29,29,batch_0003,29,30,627,0,0,0,0,0,0,0,image (141).JPG
image (141).JPG,-5.17282864142374,-1.102819142598689,29,29,batch_0003,29,30,628,0,0,0,0,0,0,0,image (141).JPG
image (141).JPG,-5.17282864142374,-1.102819142598689,29,29,batch_0003,29,30,629,0,0,0,0,0,0,0,image (141).JPG
image (141).JPG,-5.17282864142374,-1.102819142598689,29,29,batch_0003,29,30,630,0,0,0,0,0,0,0,image (141).JPG
image (888).JPG,2.5441935673121625,-2.4436161760706496,4,4,batch_0003,4,5,631,0,0,0,0,0,0,0,image (888).JPG
image (888).JPG,2.5441935673121625,-2.4436161760706496,4,4,batch_0003,4,5,632,0,0,0,0,0,0,0,image (888).JPG
image (888).JPG,2.5441935673121625,-2.4436161760706496,4,4,batch_0003,4,5,633,0,0,0,0,0,0,0,image (888).JPG
image (758).JPG,-10.879041457380833,-0.7172966240580103,16,16,batch_0003,16,17,634,0,0,0,0,0,0,0,image (758).JPG
image (758).JPG,-10.879041457380833,-0.7172966240580103,16,16,batch_0003,16,17,635,0,0,0,0,0,0,0,image (758).JPG
image (758).JPG,-10.879041457380833,-0.7172966240580103,16,16,batch_0003,16,17,636,0,0,0,0,0,0,0,image (758).JPG
image (758).JPG,-10.879041457380833,-0.7172966240580103,16,16,batch_0003,16,17,637,0,0,0,0,0,0,0,image (758).JPG
image (758).JPG,-10.879041457380833,-0.7172966240580103,16,16,batch_0003,16,17,638,0,0,0,0,0,0,0,image (758).JPG
image (758).JPG,-10.879041457380833,-0.7172966240580103,16,16,batch_0003,16,17,639,0,0,0,0,0,0,0,image (758).JPG
image (758).JPG,-10.879041457380833,-0.7172966240580103,16,16,batch_0003,16,17,640,0,0,0,0,0,0,0,image (758).JPG
image (758).JPG,-10.879041457380833,-0.7172966240580103,16,16,batch_0003,16,17,641,0,0,0,0,0,0,0,image (758).JPG
image (235).JPG,2.410050566661034,-6.032725485550639,36,36,batch_0003,36,37,642,0,0,0,0,0,0,0,image (235).JPG
image (235).JPG,2.410050566661034,-6.032725485550639,36,36,batch_0003,36,37,643,0,0,0,0,0,0,0,image (235).JPG
image (235).JPG,2.410050566661034,-6.032725485550639,36,36,batch_0003,36,37,644,0,0,0,0,0,0,0,image (235).JPG
image (235).JPG,2.410050566661034,-6.032725485550639,36,36,batch_0003,36,37,645,0,0,0,0,0,0,0,image (235).JPG
image (235).JPG,2.410050566661034,-6.032725485550639,36,36,batch_0003,36,37,646,0,0,0,0,0,0,0,image (235).JPG
image (235).JPG,2.410050566661034,-6.032725485550639,36,36,batch_0003,36,37,647,0,0,0,0,0,0,0,image (235).JPG
image (996).JPG,-0.396564788841455,-1.1628178724104532,2,2,batch_0003,2,3,648,0,0,0,0,0,0,0,image (996).JPG
image (996).JPG,-0.396564788841455,-1.1628178724104532,2,2,batch_0003,2,3,649,0,0,0,0,0,0,0,image (996).JPG
image (996).JPG,-0.396564788841455,-1.1628178724104532,2,2,batch_0003,2,3,650,0,0,0,0,0,0,0,image (996).JPG
image (996).JPG,-0.396564788841455,-1.1628178724104532,2,2,batch_0003,2,3,651,0,0,0,0,0,0,0,image (996).JPG
image (996).JPG,-0.396564788841455,-1.1628178724104532,2,2,batch_0003,2,3,652,0,0,0,0,0,0,0,image (996).JPG
image (996).JPG,-0.396564788841455,-1.1628178724104532,2,2,batch_0003,2,3,653,0,0,0,0,0,0,0,image (996).JPG
image (850).JPG,-0.860948062149829,-4.5701009364473695,17,17,batch_0003,17,18,654,0,0,0,0,0,0,0,image (850).JPG
image (850).JPG,-0.860948062149829,-4.5701009364473695,17,17,batch_0003,17,18,655,0,0,0,0,0,0,0,image (850).JPG
image (850).JPG,-0.860948062149829,-4.5701009364473695,17,17,batch_0003,17,18,656,0,0,0,0,0,0,0,image (850).JPG
image (850).JPG,-0.860948062149829,-4.5701009364473695,17,17,batch_0003,17,18,657,0,0,0,0,0,0,0,image (850).JPG
image (850).JPG,-0.860948062149829,-4.5701009364473695,17,17,batch_0003,17,18,658,0,0,0,0,0,0,0,image (850).JPG
image (850).JPG,-0.860948062149829,-4.5701009364473695,17,17,batch_0003,17,18,659,0,0,0,0,0,0,0,image (850).JPG
image (1053).jpg,5.647491521008655,8.000336611798001,2,2,batch_0003,2,3,660,0,0,0,0,0,0,0,image (1053).jpg
image (3993).JPG,-5.208648139174173,1.2568976398167513,2,2,batch_0003,2,3,661,0,0,0,0,0,0,0,image (3993).JPG
image (1284).JPG,3.3932779908822632,-2.164218187347027,4,4,batch_0003,4,5,662,0,0,0,0,0,0,0,image (1284).JPG
image (1284).JPG,3.3932779908822632,-2.164218187347027,4,4,batch_0003,4,5,663,0,0,0,0,0,0,0,image (1284).JPG
image (13).JPG,0.7696922896354118,-1.58237836008494,2,2,batch_0003,2,3,664,0,0,0,0,0,0,0,image (13).JPG
image (13).JPG,0.7696922896354118,-1.58237836008494,2,2,batch_0003,2,3,665,0,0,0,0,0,0,0,image (13).JPG
image (13).JPG,0.7696922896354118,-1.58237836008494,2,2,batch_0003,2,3,666,0,0,0,0,0,0,0,image (13).JPG
image (13).JPG,0.7696922896354118,-1.58237836008494,2,2,batch_0003,2,3,667,0,0,0,0,0,0,0,image (13).JPG
image (137).JPG,-3.94922065522134,-3.2256824611054267,17,17,batch_0003,17,18,668,0,0,0,0,0,0,0,image (137).JPG
image (137).JPG,-3.94922065522134,-3.2256824611054267,17,17,batch_0003,17,18,669,0,0,0,0,0,0,0,image (137).JPG
image (137).JPG,-3.94922065522134,-3.2256824611054267,17,17,batch_0003,17,18,670,0,0,0,0,0,0,0,image (137).JPG
image (137).JPG,-3.94922065522134,-3.2256824611054267,17,17,batch_0003,17,18,671,0,0,0,0,0,0,0,image (137).JPG
image (1731).JPG,6.6780218637507,4.740879297054031,26,26,batch_0003,26,27,672,0,0,0,0,0,0,0,image (1731).JPG
image (1731).JPG,6.6780218637507,4.740879297054031,26,26,batch_0003,26,27,673,0,0,0,0,0,0,0,image (1731).JPG
image (544).JPG,-3.8807148965605927,-4.463375226493522,6,6,batch_0003,6,7,674,0,0,0,0,0,0,0,image (544).JPG
image (544).JPG,-3.8807148965605927,-4.463375226493522,6,6,batch_0003,6,7,675,0,0,0,0,0,0,0,image (544).JPG
image (544).JPG,-3.8807148965605927,-4.463375226493522,6,6,batch_0003,6,7,676,0,0,0,0,0,0,0,image (544).JPG
image (544).JPG,-3.8807148965605927,-4.463375226493522,6,6,batch_0003,6,7,677,0,0,0,0,0,0,0,image (544).JPG
image (420).JPG,9.558340984743468,3.2030901322513268,10,10,batch_0003,10,11,678,0,0,0,0,0,0,0,image (420).JPG
image (420).JPG,9.558340984743468,3.2030901322513268,10,10,batch_0003,10,11,679,0,0,0,0,0,0,0,image (420).JPG
image (420).JPG,9.558340984743468,3.2030901322513268,10,10,batch_0003,10,11,680,0,0,0,0,0,0,0,image (420).JPG
image (420).JPG,9.558340984743468,3.2030901322513268,10,10,batch_0003,10,11,681,0,0,0,0,0,0,0,image (420).JPG
image (420).JPG,9.558340984743468,3.2030901322513268,10,10,batch_0003,10,11,682,0,0,0,0,0,0,0,image (420).JPG
image (420).JPG,9.558340984743468,3.2030901322513268,10,10,batch_0003,10,11,683,0,0,0,0,0,0,0,image (420).JPG
image (420).JPG,9.558340984743468,3.2030901322513268,10,10,batch_0003,10,11,684,0,0,0,0,0,0,0,image (420).JPG
image (420).JPG,9.558340984743468,3.2030901322513268,10,10,batch_0003,10,11,685,0,0,0,0,0,0,0,image (420).JPG
image (31).jpg,0.7072801686863438,-1.4124698107546363,6,6,batch_0003,6,7,686,0,0,0,0,0,0,0,image (31).jpg
image (1036).JPG,0.0575821754050001,-2.4247060551962494,36,36,batch_0003,36,37,687,0,0,0,0,0,0,0,image (1036).JPG
image (1036).JPG,0.0575821754050001,-2.4247060551962494,36,36,batch_0003,36,37,688,0,0,0,0,0,0,0,image (1036).JPG
image (1036).JPG,0.0575821754050001,-2.4247060551962494,36,36,batch_0003,36,37,689,0,0,0,0,0,0,0,image (1036).JPG
image (1036).JPG,0.0575821754050001,-2.4247060551962494,36,36,batch_0003,36,37,690,0,0,0,0,0,0,0,image (1036).JPG
image (3224).JPG,5.892867145765334,1.5197826228167088,4,4,batch_0003,4,5,691,0,0,0,0,0,0,0,image (3224).JPG
image (3224).JPG,5.892867145765334,1.5197826228167088,4,4,batch_0003,4,5,692,0,0,0,0,0,0,0,image (3224).JPG
image (18).jpg,10.198237839241656,3.480479999053835,4,4,batch_0003,4,5,693,0,0,0,0,0,0,0,image (18).jpg
image (3512).JPG,3.2742274183007773,0.6891389905891395,2,2,batch_0003,2,3,694,0,0,0,0,0,0,0,image (3512).JPG
image (982).JPG,0.1935317677902859,-4.497350311007743,29,29,batch_0003,29,30,695,0,0,0,0,0,0,0,image (982).JPG
image (982).JPG,0.1935317677902859,-4.497350311007743,29,29,batch_0003,29,30,696,0,0,0,0,0,0,0,image (982).JPG
image (982).JPG,0.1935317677902859,-4.497350311007743,29,29,batch_0003,29,30,697,0,0,0,0,0,0,0,image (982).JPG
image (982).JPG,0.1935317677902859,-4.497350311007743,29,29,batch_0003,29,30,698,0,0,0,0,0,0,0,image (982).JPG
image (409).JPG,-3.51589658479866,-4.134287330244554,29,29,batch_0003,29,30,699,0,0,0,0,0,0,0,image (409).JPG
image (409).JPG,-3.51589658479866,-4.134287330244554,29,29,batch_0003,29,30,700,0,0,0,0,0,0,0,image (409).JPG
image (409).JPG,-3.51589658479866,-4.134287330244554,29,29,batch_0003,29,30,701,0,0,0,0,0,0,0,image (409).JPG
image (2513).JPG,5.980343770960172,2.195973901332579,2,2,batch_0003,2,3,702,0,0,0,0,0,0,0,image (2513).JPG
image (149).JPG,-4.449440645541992,-1.2170544129259415,6,6,batch_0003,6,7,703,0,0,0,0,0,0,0,image (149).JPG
image (149).JPG,-4.449440645541992,-1.2170544129259415,6,6,batch_0003,6,7,704,0,0,0,0,0,0,0,image (149).JPG
image (149).JPG,-4.449440645541992,-1.2170544129259415,6,6,batch_0003,6,7,705,0,0,0,0,0,0,0,image (149).JPG
image (149).JPG,-4.449440645541992,-1.2170544129259415,6,6,batch_0003,6,7,706,0,0,0,0,0,0,0,image (149).JPG
image (149).JPG,-4.449440645541992,-1.2170544129259415,6,6,batch_0003,6,7,707,0,0,0,0,0,0,0,image (149).JPG
image (149).JPG,-4.449440645541992,-1.2170544129259415,6,6,batch_0003,6,7,708,0,0,0,0,0,0,0,image (149).JPG
image (1704).JPG,2.5789445661839805,-2.490495202929265,6,6,batch_0003,6,7,709,0,0,0,0,0,0,0,image (1704).JPG
image (1704).JPG,2.5789445661839805,-2.490495202929265,6,6,batch_0003,6,7,710,0,0,0,0,0,0,0,image (1704).JPG
image (696).JPG,-5.6427346270361936,-2.091052054462341,2,2,batch_0003,2,3,711,0,0,0,0,0,0,0,image (696).JPG
image (696).JPG,-5.6427346270361936,-2.091052054462341,2,2,batch_0003,2,3,712,0,0,0,0,0,0,0,image (696).JPG
image (696).JPG,-5.6427346270361936,-2.091052054462341,2,2,batch_0003,2,3,713,0,0,0,0,0,0,0,image (696).JPG
image (696).JPG,-5.6427346270361936,-2.091052054462341,2,2,batch_0003,2,3,714,0,0,0,0,0,0,0,image (696).JPG
image (696).JPG,-5.6427346270361936,-2.091052054462341,2,2,batch_0003,2,3,715,0,0,0,0,0,0,0,image (696).JPG
image (822).JPG,8.5139867144812,0.9237835756452644,6,6,batch_0003,6,7,716,0,0,0,0,0,0,0,image (822).JPG
image (822).JPG,8.5139867144812,0.9237835756452644,6,6,batch_0003,6,7,717,0,0,0,0,0,0,0,image (822).JPG
image (822).JPG,8.5139867144812,0.9237835756452644,6,6,batch_0003,6,7,718,0,0,0,0,0,0,0,image (822).JPG
image (822).JPG,8.5139867144812,0.9237835756452644,6,6,batch_0003,6,7,719,0,0,0,0,0,0,0,image (822).JPG
image (822).JPG,8.5139867144812,0.9237835756452644,6,6,batch_0003,6,7,720,0,0,0,0,0,0,0,image (822).JPG
image (822).JPG,8.5139867144812,0.9237835756452644,6,6,batch_0003,6,7,721,0,0,0,0,0,0,0,image (822).JPG
image (822).JPG,8.5139867144812,0.9237835756452644,6,6,batch_0003,6,7,722,0,0,0,0,0,0,0,image (822).JPG
image (3063).JPG,-7.122928462021302,3.512922848211346,2,2,batch_0003,2,3,723,0,0,0,0,0,0,0,image (3063).JPG
image (3063).JPG,-7.122928462021302,3.512922848211346,2,2,batch_0003,2,3,724,0,0,0,0,0,0,0,image (3063).JPG
image (2272).JPG,-5.173314120113658,-2.1232009225726687,6,6,batch_0003,6,7,725,0,0,0,0,0,0,0,image (2272).JPG
image (2272).JPG,-5.173314120113658,-2.1232009225726687,6,6,batch_0003,6,7,726,0,0,0,0,0,0,0,image (2272).JPG
image (1689).JPG,5.98331229686274,1.7832067897189,6,6,batch_0003,6,7,727,0,0,0,0,0,0,0,image (1689).JPG
image (1003).JPG,-6.401397748602994,-1.444935952477698,4,4,batch_0003,4,5,728,0,0,0,0,0,0,0,image (1003).JPG
image (1923).JPG,0.3175840279181433,-1.4667759878364497,6,6,batch_0003,6,7,729,0,0,0,0,0,0,0,image (1923).JPG
image (1923).JPG,0.3175840279181433,-1.4667759878364497,6,6,batch_0003,6,7,730,0,0,0,0,0,0,0,image (1923).JPG
image (1735).JPG,-5.023655979521256,-4.044706311280291,2,2,batch_0003,2,3,731,0,0,0,0,0,0,0,image (1735).JPG
image (1735).JPG,-5.023655979521256,-4.044706311280291,2,2,batch_0003,2,3,732,0,0,0,0,0,0,0,image (1735).JPG
image (580).JPG,0.746262956248904,-3.0908019827014948,2,2,batch_0003,2,3,733,0,0,0,0,0,0,0,image (580).JPG
image (580).JPG,0.746262956248904,-3.0908019827014948,2,2,batch_0003,2,3,734,0,0,0,0,0,0,0,image (580).JPG
image (580).JPG,0.746262956248904,-3.0908019827014948,2,2,batch_0003,2,3,735,0,0,0,0,0,0,0,image (580).JPG
image (522).JPG,1.052273647159237,-6.7464806768480905,6,6,batch_0003,6,7,736,0,0,0,0,0,0,0,image (522).JPG
image (522).JPG,1.052273647159237,-6.7464806768480905,6,6,batch_0003,6,7,737,0,0,0,0,0,0,0,image (522).JPG
image (522).JPG,1.052273647159237,-6.7464806768480905,6,6,batch_0003,6,7,738,0,0,0,0,0,0,0,image (522).JPG
image (522).JPG,1.052273647159237,-6.7464806768480905,6,6,batch_0003,6,7,739,0,0,0,0,0,0,0,image (522).JPG
image (2517).JPG,6.531373253523095,4.090961685650846,17,17,batch_0003,17,18,740,0,0,0,0,0,0,0,image (2517).JPG
image (513).JPG,-8.729527546961524,-0.1277956580497368,6,6,batch_0003,6,7,741,0,0,0,0,0,0,0,image (513).JPG
image (513).JPG,-8.729527546961524,-0.1277956580497368,6,6,batch_0003,6,7,742,0,0,0,0,0,0,0,image (513).JPG
image (513).JPG,-8.729527546961524,-0.1277956580497368,6,6,batch_0003,6,7,743,0,0,0,0,0,0,0,image (513).JPG
image (513).JPG,-8.729527546961524,-0.1277956580497368,6,6,batch_0003,6,7,744,0,0,0,0,0,0,0,image (513).JPG
image (513).JPG,-8.729527546961524,-0.1277956580497368,6,6,batch_0003,6,7,745,0,0,0,0,0,0,0,image (513).JPG
image (513).JPG,-8.729527546961524,-0.1277956580497368,6,6,batch_0003,6,7,746,0,0,0,0,0,0,0,image (513).JPG
image (513).JPG,-8.729527546961524,-0.1277956580497368,6,6,batch_0003,6,7,747,0,0,0,0,0,0,0,image (513).JPG
image (513).JPG,-8.729527546961524,-0.1277956580497368,6,6,batch_0003,6,7,748,0,0,0,0,0,0,0,image (513).JPG
image (1814).JPG,6.641330711375727,4.353236784122176,36,36,batch_0003,36,37,749,0,0,0,0,0,0,0,image (1814).JPG
image (732).JPG,-1.413252788983293,4.389699334716781,2,2,batch_0003,2,3,750,0,0,0,0,0,0,0,image (732).JPG
image (732).JPG,-1.413252788983293,4.389699334716781,2,2,batch_0003,2,3,751,0,0,0,0,0,0,0,image (732).JPG
image (732).JPG,-1.413252788983293,4.389699334716781,2,2,batch_0003,2,3,752,0,0,0,0,0,0,0,image (732).JPG
image (732).JPG,-1.413252788983293,4.389699334716781,2,2,batch_0003,2,3,753,0,0,0,0,0,0,0,image (732).JPG
image (732).JPG,-1.413252788983293,4.389699334716781,2,2,batch_0003,2,3,754,0,0,0,0,0,0,0,image (732).JPG
image (732).JPG,-1.413252788983293,4.389699334716781,2,2,batch_0003,2,3,755,0,0,0,0,0,0,0,image (732).JPG
image (732).JPG,-1.413252788983293,4.389699334716781,2,2,batch_0003,2,3,756,0,0,0,0,0,0,0,image (732).JPG
image (732).JPG,-1.413252788983293,4.389699334716781,2,2,batch_0003,2,3,757,0,0,0,0,0,0,0,image (732).JPG
